order_date,order_id,sku,size,units,unit_price,channel,discount_rate,revenue
2025-06-16,20000,SKU1032,S,1,62.0,Store,0.0,62.0
2025-06-16,20001,SKU1008,S,2,84.0,Online,0.12146614357512356,147.59
2025-06-16,20002,SKU1032,M,1,62.0,Store,0.18259854890509736,50.68
2025-06-16,20003,SKU1004,L,1,129.0,Online,0.0,129.0
2025-06-16,20004,SKU1018,M,1,208.0,Online,0.0,208.0
2025-06-16,20005,SKU1016,L,1,145.0,Store,0.10908113499594112,129.18
2025-06-16,20006,SKU1011,S,1,235.0,Store,0.0,235.0
2025-06-16,20007,SKU1000,XL,1,62.0,Online,0.0,62.0
2025-06-16,20008,SKU1027,XS,1,205.0,Online,0.0,205.0
2025-06-16,20009,SKU1012,M,2,188.0,Store,0.0,376.0
2025-06-16,20010,SKU1023,XS,2,225.0,Online,0.0,450.0
2025-06-16,20011,SKU1014,XL,1,184.0,Store,0.0,184.0
2025-06-16,20012,SKU1013,L,2,193.0,Online,0.0,386.0
2025-06-16,20013,SKU1031,XS,1,89.0,Store,0.0,89.0
2025-06-16,20014,SKU1003,L,1,130.0,Store,0.13218700608493952,112.82
2025-06-16,20015,SKU1026,S,1,123.0,Store,0.05094610048202679,116.73
2025-06-16,20016,SKU1026,S,1,123.0,Online,0.0,123.0
2025-06-16,20017,SKU1013,M,1,193.0,Online,0.0,193.0
2025-06-16,20018,SKU1009,L,1,63.0,Store,0.29512670906118266,44.41
2025-06-16,20019,SKU1000,M,1,62.0,Store,0.0,62.0
2025-06-16,20020,SKU1033,XS,1,153.0,Store,0.0,153.0
2025-06-17,20021,SKU1030,M,1,132.0,Store,0.04024683349429682,126.69
2025-06-17,20022,SKU1028,M,1,151.0,Store,0.0,151.0
2025-06-17,20023,SKU1032,S,1,62.0,Online,0.17400356757591667,51.21
2025-06-17,20024,SKU1008,M,1,84.0,Online,0.0,84.0
2025-06-17,20025,SKU1035,L,2,57.0,Store,0.14916671476758825,96.99
2025-06-17,20026,SKU1011,L,1,235.0,Store,0.0,235.0
2025-06-17,20027,SKU1028,L,1,151.0,Store,0.0,151.0
2025-06-17,20028,SKU1020,XL,3,142.0,Store,0.0,426.0
2025-06-17,20029,SKU1028,M,1,151.0,Store,0.0,151.0
2025-06-17,20030,SKU1022,M,1,80.0,Online,0.0,80.0
2025-06-17,20031,SKU1023,L,1,225.0,Store,0.0,225.0
2025-06-17,20032,SKU1022,XS,1,80.0,Store,0.0,80.0
2025-06-17,20033,SKU1028,L,1,151.0,Online,0.0,151.0
2025-06-17,20034,SKU1026,S,1,123.0,Store,0.0577981974038113,115.89
2025-06-17,20035,SKU1004,XL,1,129.0,Online,0.0,129.0
2025-06-17,20036,SKU1029,XL,2,131.0,Online,0.0,262.0
2025-06-17,20037,SKU1019,XL,1,132.0,Online,0.0,132.0
2025-06-17,20038,SKU1011,XS,2,235.0,Online,0.0,470.0
2025-06-17,20039,SKU1018,S,1,208.0,Online,0.11193502742502168,184.72
2025-06-17,20040,SKU1034,XS,2,218.0,Store,0.0,436.0
2025-06-17,20041,SKU1030,XL,2,132.0,Store,0.0,264.0
2025-06-18,20042,SKU1008,XS,1,84.0,Online,0.0,84.0
2025-06-18,20043,SKU1016,S,1,145.0,Online,0.0,145.0
2025-06-18,20044,SKU1005,L,2,212.0,Online,0.1782868711655518,348.41
2025-06-18,20045,SKU1030,L,1,132.0,Store,0.0,132.0
2025-06-18,20046,SKU1027,S,3,205.0,Store,0.0,615.0
2025-06-18,20047,SKU1029,XL,1,131.0,Online,0.02728798093011564,127.43
2025-06-18,20048,SKU1007,M,2,180.0,Store,0.17565293244225338,296.76
2025-06-18,20049,SKU1000,M,3,62.0,Store,0.0,186.0
2025-06-18,20050,SKU1032,M,1,62.0,Store,0.08281524746536603,56.87
2025-06-18,20051,SKU1010,M,2,147.0,Store,0.0,294.0
2025-06-18,20052,SKU1023,M,1,225.0,Store,0.04654467306809906,214.53
2025-06-19,20053,SKU1008,S,2,84.0,Store,0.0,168.0
2025-06-19,20054,SKU1003,M,3,130.0,Online,0.0,390.0
2025-06-19,20055,SKU1020,S,2,142.0,Store,0.1568229603556728,239.46
2025-06-19,20056,SKU1012,S,1,188.0,Online,0.14484377003721194,160.77
2025-06-19,20057,SKU1020,XS,2,142.0,Store,0.012441581337216776,280.47
2025-06-19,20058,SKU1021,M,3,117.0,Online,0.0,351.0
2025-06-19,20059,SKU1025,M,1,170.0,Store,0.0975716180988842,153.41
2025-06-19,20060,SKU1019,S,5,132.0,Store,0.0,660.0
2025-06-19,20061,SKU1023,XS,1,225.0,Store,0.0,225.0
2025-06-19,20062,SKU1021,S,1,117.0,Store,0.12099767221208974,102.84
2025-06-20,20063,SKU1035,XS,1,57.0,Store,0.0,57.0
2025-06-20,20064,SKU1021,L,2,117.0,Online,0.0,234.0
2025-06-20,20065,SKU1026,M,1,123.0,Store,0.0,123.0
2025-06-20,20066,SKU1017,XS,1,69.0,Store,0.0,69.0
2025-06-20,20067,SKU1000,S,1,62.0,Store,0.01776670842682304,60.9
2025-06-20,20068,SKU1003,S,1,130.0,Online,0.0,130.0
2025-06-20,20069,SKU1009,XL,1,63.0,Online,0.0,63.0
2025-06-20,20070,SKU1008,L,3,84.0,Store,0.0,252.0
2025-06-20,20071,SKU1030,M,3,132.0,Online,0.0,396.0
2025-06-20,20072,SKU1030,S,1,132.0,Store,0.03611147148313294,127.23
2025-06-20,20073,SKU1030,XL,2,132.0,Store,0.0,264.0
2025-06-20,20074,SKU1022,M,3,80.0,Store,0.0,240.0
2025-06-20,20075,SKU1020,XS,3,142.0,Online,0.0,426.0
2025-06-20,20076,SKU1023,XS,1,225.0,Online,0.0,225.0
2025-06-20,20077,SKU1014,XS,1,184.0,Online,0.02732381222682205,178.97
2025-06-20,20078,SKU1024,L,1,197.0,Store,0.0,197.0
2025-06-20,20079,SKU1028,L,1,151.0,Store,0.0,151.0
2025-06-20,20080,SKU1027,S,1,205.0,Online,0.1119605900228869,182.05
2025-06-21,20081,SKU1029,M,1,131.0,Store,0.0,131.0
2025-06-21,20082,SKU1019,M,1,132.0,Store,0.09555202110329832,119.39
2025-06-21,20083,SKU1035,M,1,57.0,Online,0.0,57.0
2025-06-21,20084,SKU1022,L,1,80.0,Store,0.0,80.0
2025-06-21,20085,SKU1010,S,2,147.0,Online,0.0,294.0
2025-06-21,20086,SKU1027,S,1,205.0,Online,0.09794804980483438,184.92
2025-06-21,20087,SKU1014,S,2,184.0,Store,0.0,368.0
2025-06-21,20088,SKU1019,XL,4,132.0,Store,0.0,528.0
2025-06-21,20089,SKU1004,L,2,129.0,Store,0.0,258.0
2025-06-21,20090,SKU1004,XS,1,129.0,Store,0.0,129.0
2025-06-21,20091,SKU1020,S,1,142.0,Store,0.06544363670291768,132.71
2025-06-21,20092,SKU1006,L,1,61.0,Store,0.05227711074153596,57.81
2025-06-21,20093,SKU1035,XS,1,57.0,Store,0.0,57.0
2025-06-21,20094,SKU1030,M,1,132.0,Online,0.0,132.0
2025-06-22,20095,SKU1016,M,1,145.0,Online,0.05498632072572383,137.03
2025-06-22,20096,SKU1030,XS,1,132.0,Online,0.0,132.0
2025-06-22,20097,SKU1019,S,1,132.0,Store,0.0,132.0
2025-06-22,20098,SKU1009,L,1,63.0,Online,0.0,63.0
2025-06-22,20099,SKU1008,S,2,84.0,Store,0.0,168.0
2025-06-22,20100,SKU1011,L,1,235.0,Online,0.0,235.0
2025-06-22,20101,SKU1021,S,1,117.0,Store,0.09726331264016848,105.62
2025-06-22,20102,SKU1008,XS,1,84.0,Online,0.0,84.0
2025-06-22,20103,SKU1032,L,1,62.0,Online,0.0,62.0
2025-06-22,20104,SKU1017,XS,1,69.0,Store,0.0,69.0
2025-06-22,20105,SKU1031,M,1,89.0,Online,0.2138048933315712,69.97
2025-06-22,20106,SKU1024,XS,3,197.0,Online,0.010312139467798936,584.91
2025-06-22,20107,SKU1012,S,2,188.0,Store,0.0,376.0
2025-06-22,20108,SKU1008,XL,1,84.0,Online,0.0,84.0
2025-06-22,20109,SKU1026,M,2,123.0,Online,0.0,246.0
2025-06-22,20110,SKU1011,M,1,235.0,Store,0.0,235.0
2025-06-22,20111,SKU1008,M,1,84.0,Store,0.0,84.0
2025-06-22,20112,SKU1033,L,1,153.0,Store,0.0,153.0
2025-06-22,20113,SKU1017,S,2,69.0,Online,0.0,138.0
2025-06-23,20114,SKU1023,L,2,225.0,Online,0.0,450.0
2025-06-23,20115,SKU1031,L,1,89.0,Store,0.21699093403900163,69.69
2025-06-23,20116,SKU1023,XL,1,225.0,Store,0.0,225.0
2025-06-23,20117,SKU1013,S,1,193.0,Online,0.0,193.0
2025-06-23,20118,SKU1014,XL,1,184.0,Store,0.0,184.0
2025-06-23,20119,SKU1018,XS,1,208.0,Store,0.0,208.0
2025-06-23,20120,SKU1003,XL,1,130.0,Online,0.06532710049130541,121.51
2025-06-23,20121,SKU1026,S,1,123.0,Store,0.03744450009819529,118.39
2025-06-24,20122,SKU1009,S,6,63.0,Online,0.16959579029171565,313.89
2025-06-24,20123,SKU1004,XS,2,129.0,Store,0.07308648983847338,239.14
2025-06-24,20124,SKU1001,L,2,195.0,Store,0.0,390.0
2025-06-24,20125,SKU1000,L,1,62.0,Store,0.0,62.0
2025-06-24,20126,SKU1017,XL,1,69.0,Store,0.0,69.0
2025-06-24,20127,SKU1003,M,1,130.0,Online,0.0,130.0
2025-06-24,20128,SKU1034,XL,1,218.0,Store,0.0,218.0
2025-06-24,20129,SKU1008,S,1,84.0,Online,0.0,84.0
2025-06-24,20130,SKU1023,L,1,225.0,Store,0.0,225.0
2025-06-24,20131,SKU1024,M,1,197.0,Store,0.10586592527785277,176.14
2025-06-24,20132,SKU1017,XL,1,69.0,Store,0.0,69.0
2025-06-24,20133,SKU1031,S,1,89.0,Store,0.08692877862360403,81.26
2025-06-24,20134,SKU1003,M,1,130.0,Store,0.0,130.0
2025-06-24,20135,SKU1008,XL,2,84.0,Store,0.10820234698134362,149.82
2025-06-24,20136,SKU1009,XS,1,63.0,Online,0.0,63.0
2025-06-25,20137,SKU1027,M,1,205.0,Store,0.0,205.0
2025-06-25,20138,SKU1022,XS,1,80.0,Store,0.0615054455501939,75.08
2025-06-25,20139,SKU1028,XL,1,151.0,Store,0.0,151.0
2025-06-25,20140,SKU1029,L,1,131.0,Store,0.0,131.0
2025-06-25,20141,SKU1007,S,2,180.0,Online,0.0,360.0
2025-06-25,20142,SKU1007,L,2,180.0,Store,0.1883419608539384,292.2
2025-06-25,20143,SKU1033,L,1,153.0,Store,0.0,153.0
2025-06-25,20144,SKU1019,XL,1,132.0,Store,0.03684215473313132,127.14
2025-06-26,20145,SKU1009,L,1,63.0,Store,0.0,63.0
2025-06-26,20146,SKU1004,S,1,129.0,Online,0.09719002889541631,116.46
2025-06-26,20147,SKU1029,S,2,131.0,Store,0.0,262.0
2025-06-26,20148,SKU1003,M,1,130.0,Store,0.0,130.0
2025-06-26,20149,SKU1011,L,1,235.0,Online,0.0,235.0
2025-06-26,20150,SKU1024,M,2,197.0,Store,0.14791153025739207,335.72
2025-06-26,20151,SKU1004,M,1,129.0,Online,0.02698699384775821,125.52
2025-06-26,20152,SKU1023,L,4,225.0,Store,0.0,900.0
2025-06-26,20153,SKU1026,L,1,123.0,Store,0.10557814545561865,110.01
2025-06-26,20154,SKU1023,S,2,225.0,Online,0.0,450.0
2025-06-26,20155,SKU1010,L,1,147.0,Store,0.0,147.0
2025-06-26,20156,SKU1000,M,1,62.0,Online,0.1755210558193117,51.12
2025-06-26,20157,SKU1031,XL,1,89.0,Store,0.10460755613809218,79.69
2025-06-26,20158,SKU1011,XL,1,235.0,Store,0.0,235.0
2025-06-26,20159,SKU1028,M,1,151.0,Online,0.0,151.0
2025-06-27,20160,SKU1000,S,1,62.0,Store,0.11157284586772022,55.08
2025-06-27,20161,SKU1035,L,2,57.0,Online,0.18899186317486902,92.45
2025-06-27,20162,SKU1000,M,1,62.0,Store,0.0,62.0
2025-06-27,20163,SKU1035,S,1,57.0,Store,0.07024868401485095,53.0
2025-06-27,20164,SKU1001,L,1,195.0,Online,0.0,195.0
2025-06-27,20165,SKU1018,S,1,208.0,Online,0.0,208.0
2025-06-27,20166,SKU1003,M,1,130.0,Online,0.0,130.0
2025-06-27,20167,SKU1003,S,2,130.0,Store,0.0,260.0
2025-06-27,20168,SKU1024,S,1,197.0,Store,0.0,197.0
2025-06-27,20169,SKU1026,XS,1,123.0,Store,0.1524156322522185,104.25
2025-06-27,20170,SKU1004,XL,1,129.0,Store,0.0,129.0
2025-06-28,20171,SKU1033,L,1,153.0,Store,0.0,153.0
2025-06-28,20172,SKU1014,S,1,184.0,Online,0.0,184.0
2025-06-28,20173,SKU1006,M,1,61.0,Store,0.0,61.0
2025-06-28,20174,SKU1031,M,1,89.0,Online,0.0,89.0
2025-06-28,20175,SKU1034,L,1,218.0,Store,0.0,218.0
2025-06-28,20176,SKU1035,M,1,57.0,Store,0.22683876806264217,44.07
2025-06-28,20177,SKU1034,L,1,218.0,Store,0.0,218.0
2025-06-28,20178,SKU1031,S,1,89.0,Store,0.0,89.0
2025-06-28,20179,SKU1016,M,1,145.0,Store,0.0,145.0
2025-06-28,20180,SKU1006,M,1,61.0,Online,0.0,61.0
2025-06-28,20181,SKU1022,XS,1,80.0,Store,0.0,80.0
2025-06-28,20182,SKU1007,L,2,180.0,Store,0.0,360.0
2025-06-28,20183,SKU1017,M,1,69.0,Online,0.0,69.0
2025-06-28,20184,SKU1023,L,1,225.0,Store,0.0,225.0
2025-06-28,20185,SKU1034,M,2,218.0,Store,0.0,436.0
2025-06-28,20186,SKU1010,S,1,147.0,Online,0.1721584665758435,121.69
2025-06-28,20187,SKU1009,S,1,63.0,Online,0.0,63.0
2025-06-28,20188,SKU1026,XL,1,123.0,Online,0.0,123.0
2025-06-28,20189,SKU1000,M,1,62.0,Store,0.13195957630922972,53.82
2025-06-28,20190,SKU1020,XS,1,142.0,Store,0.0,142.0
2025-06-28,20191,SKU1026,S,2,123.0,Online,0.0,246.0
2025-06-28,20192,SKU1019,M,1,132.0,Store,0.0,132.0
2025-06-28,20193,SKU1013,XL,1,193.0,Online,0.19960562473088408,154.48
2025-06-29,20194,SKU1002,S,1,172.0,Store,0.0,172.0
2025-06-29,20195,SKU1000,M,3,62.0,Online,0.0,186.0
2025-06-29,20196,SKU1012,M,1,188.0,Store,0.0,188.0
2025-06-29,20197,SKU1026,M,2,123.0,Store,0.0,246.0
2025-06-29,20198,SKU1005,XS,2,212.0,Store,0.2168980671784016,332.04
2025-06-29,20199,SKU1030,M,1,132.0,Store,0.02513966687298036,128.68
2025-06-29,20200,SKU1008,M,1,84.0,Store,0.0,84.0
2025-06-29,20201,SKU1017,S,1,69.0,Store,0.0,69.0
2025-06-29,20202,SKU1007,XL,1,180.0,Store,0.0,180.0
2025-06-29,20203,SKU1016,L,2,145.0,Store,0.0,290.0
2025-06-29,20204,SKU1016,M,2,145.0,Store,0.0,290.0
2025-06-29,20205,SKU1000,XL,1,62.0,Online,0.0,62.0
2025-06-29,20206,SKU1020,XS,1,142.0,Store,0.0,142.0
2025-06-29,20207,SKU1028,M,2,151.0,Store,0.0,302.0
2025-06-29,20208,SKU1033,XL,1,153.0,Online,0.1001558228556298,137.68
2025-06-29,20209,SKU1011,XS,6,235.0,Store,0.0,1410.0
2025-06-29,20210,SKU1031,M,3,89.0,Store,0.0,267.0
2025-06-29,20211,SKU1031,M,1,89.0,Store,0.09691207509518979,80.37
2025-06-29,20212,SKU1035,XL,1,57.0,Online,0.0,57.0
2025-06-29,20213,SKU1013,S,3,193.0,Store,0.053674438796125226,547.92
2025-06-29,20214,SKU1030,S,2,132.0,Store,0.0,264.0
2025-06-30,20215,SKU1018,M,2,208.0,Online,0.08450513742891358,380.85
2025-06-30,20216,SKU1028,M,1,151.0,Store,0.0,151.0
2025-06-30,20217,SKU1031,XL,1,89.0,Store,0.0,89.0
2025-06-30,20218,SKU1022,M,2,80.0,Store,0.0,160.0
2025-06-30,20219,SKU1023,XS,1,225.0,Store,0.0,225.0
2025-06-30,20220,SKU1031,XL,2,89.0,Online,0.11079185987812286,158.28
2025-06-30,20221,SKU1022,L,1,80.0,Online,0.0,80.0
2025-06-30,20222,SKU1034,S,3,218.0,Online,0.0,654.0
2025-06-30,20223,SKU1004,M,1,129.0,Store,0.0,129.0
2025-06-30,20224,SKU1012,S,3,188.0,Store,0.0,564.0
2025-06-30,20225,SKU1004,S,1,129.0,Online,0.0,129.0
2025-06-30,20226,SKU1003,L,1,130.0,Store,0.0,130.0
2025-06-30,20227,SKU1016,S,1,145.0,Online,0.06818517797394827,135.11
2025-06-30,20228,SKU1008,L,1,84.0,Online,0.0,84.0
2025-06-30,20229,SKU1014,L,1,184.0,Store,0.0,184.0
2025-06-30,20230,SKU1015,M,1,198.0,Store,0.0,198.0
2025-06-30,20231,SKU1022,S,1,80.0,Store,0.07543305353354685,73.97
2025-07-01,20232,SKU1025,L,1,170.0,Store,0.0,170.0
2025-07-01,20233,SKU1010,M,1,147.0,Store,0.0,147.0
2025-07-01,20234,SKU1030,S,5,132.0,Store,0.0,660.0
2025-07-01,20235,SKU1013,M,1,193.0,Store,0.0,193.0
2025-07-01,20236,SKU1032,S,1,62.0,Store,0.023462292063820278,60.55
2025-07-01,20237,SKU1008,L,1,84.0,Store,0.1347297048792195,72.68
2025-07-01,20238,SKU1019,XL,1,132.0,Online,0.0,132.0
2025-07-01,20239,SKU1027,S,1,205.0,Store,0.0,205.0
2025-07-01,20240,SKU1002,M,1,172.0,Online,0.0,172.0
2025-07-01,20241,SKU1033,M,1,153.0,Online,0.15230247357964077,129.7
2025-07-01,20242,SKU1013,XS,1,193.0,Online,0.0,193.0
2025-07-01,20243,SKU1017,XS,1,69.0,Store,0.0,69.0
2025-07-01,20244,SKU1022,S,1,80.0,Online,0.0,80.0
2025-07-01,20245,SKU1023,L,2,225.0,Store,0.0,450.0
2025-07-01,20246,SKU1000,L,1,62.0,Store,0.0,62.0
2025-07-01,20247,SKU1031,S,1,89.0,Online,0.0,89.0
2025-07-01,20248,SKU1022,L,1,80.0,Store,0.06659371031644447,74.67
2025-07-01,20249,SKU1035,XL,1,57.0,Store,0.0,57.0
2025-07-01,20250,SKU1016,XS,1,145.0,Online,0.0,145.0
2025-07-01,20251,SKU1022,S,3,80.0,Store,0.15622746845961455,202.51
2025-07-01,20252,SKU1015,M,1,198.0,Online,0.0,198.0
2025-07-01,20253,SKU1032,L,2,62.0,Online,0.0,124.0
2025-07-01,20254,SKU1029,L,1,131.0,Store,0.0,131.0
2025-07-02,20255,SKU1024,XL,3,197.0,Store,0.0,591.0
2025-07-02,20256,SKU1018,XL,1,208.0,Online,0.0,208.0
2025-07-02,20257,SKU1018,S,1,208.0,Online,0.0,208.0
2025-07-02,20258,SKU1020,S,1,142.0,Online,0.0,142.0
2025-07-02,20259,SKU1030,L,1,132.0,Online,0.0,132.0
2025-07-02,20260,SKU1014,M,1,184.0,Store,0.026934703771073626,179.04
2025-07-02,20261,SKU1029,M,1,131.0,Store,0.0,131.0
2025-07-02,20262,SKU1028,XL,2,151.0,Online,0.0,302.0
2025-07-02,20263,SKU1034,S,1,218.0,Online,0.0,218.0
2025-07-02,20264,SKU1032,M,2,62.0,Online,0.0,124.0
2025-07-02,20265,SKU1028,S,2,151.0,Store,0.0,302.0
2025-07-02,20266,SKU1008,XL,2,84.0,Store,0.0,168.0
2025-07-02,20267,SKU1027,XS,1,205.0,Store,0.0,205.0
2025-07-02,20268,SKU1026,XS,3,123.0,Online,0.0,369.0
2025-07-02,20269,SKU1010,M,1,147.0,Store,0.0,147.0
2025-07-02,20270,SKU1024,L,1,197.0,Online,0.18819149319797351,159.93
2025-07-02,20271,SKU1009,S,2,63.0,Store,0.0,126.0
2025-07-02,20272,SKU1018,S,2,208.0,Store,0.0,416.0
2025-07-02,20273,SKU1028,M,2,151.0,Online,0.0,302.0
2025-07-02,20274,SKU1006,L,1,61.0,Store,0.0,61.0
2025-07-02,20275,SKU1012,XS,1,188.0,Online,0.0,188.0
2025-07-02,20276,SKU1028,S,2,151.0,Store,0.0,302.0
2025-07-03,20277,SKU1022,L,1,80.0,Store,0.0,80.0
2025-07-03,20278,SKU1025,XL,1,170.0,Store,0.0,170.0
2025-07-03,20279,SKU1033,S,1,153.0,Store,0.0693676387701411,142.39
2025-07-03,20280,SKU1033,L,1,153.0,Store,0.0,153.0
2025-07-03,20281,SKU1017,XL,1,69.0,Store,0.0,69.0
2025-07-03,20282,SKU1034,L,1,218.0,Store,0.10816281017811666,194.42
2025-07-03,20283,SKU1019,L,2,132.0,Store,0.06943065158971874,245.67
2025-07-03,20284,SKU1023,M,3,225.0,Online,0.0,675.0
2025-07-03,20285,SKU1021,S,2,117.0,Online,0.0,234.0
2025-07-04,20286,SKU1035,M,1,57.0,Store,0.023014338978897694,55.69
2025-07-04,20287,SKU1033,S,2,153.0,Online,0.0,306.0
2025-07-04,20288,SKU1032,XS,1,62.0,Store,0.08850256181946917,56.51
2025-07-04,20289,SKU1020,XS,1,142.0,Store,0.0,142.0
2025-07-04,20290,SKU1028,L,1,151.0,Store,0.0,151.0
2025-07-04,20291,SKU1034,M,1,218.0,Online,0.0,218.0
2025-07-04,20292,SKU1009,XS,1,63.0,Store,0.0,63.0
2025-07-04,20293,SKU1001,S,1,195.0,Online,0.0,195.0
2025-07-04,20294,SKU1011,M,2,235.0,Store,0.0,470.0
2025-07-04,20295,SKU1022,S,1,80.0,Online,0.0,80.0
2025-07-04,20296,SKU1019,XS,1,132.0,Online,0.0,132.0
2025-07-04,20297,SKU1002,L,1,172.0,Online,0.0,172.0
2025-07-04,20298,SKU1020,S,1,142.0,Store,0.0,142.0
2025-07-04,20299,SKU1006,S,2,61.0,Store,0.0,122.0
2025-07-04,20300,SKU1018,XL,1,208.0,Online,0.0,208.0
2025-07-05,20301,SKU1032,M,1,62.0,Store,0.0,62.0
2025-07-05,20302,SKU1008,L,2,84.0,Online,0.023350794215784718,164.08
2025-07-05,20303,SKU1034,M,1,218.0,Online,0.03771263051845328,209.78
2025-07-05,20304,SKU1006,L,1,61.0,Store,0.0,61.0
2025-07-05,20305,SKU1019,L,1,132.0,Online,0.0,132.0
2025-07-05,20306,SKU1028,S,2,151.0,Store,0.009827130554598378,299.03
2025-07-05,20307,SKU1002,XS,1,172.0,Online,0.0,172.0
2025-07-05,20308,SKU1002,M,2,172.0,Store,0.0,344.0
2025-07-05,20309,SKU1030,XL,1,132.0,Store,0.011248979408695924,130.52
2025-07-05,20310,SKU1002,S,1,172.0,Store,0.0,172.0
2025-07-05,20311,SKU1022,M,1,80.0,Store,0.20572693463766806,63.54
2025-07-06,20312,SKU1023,M,1,225.0,Store,0.08587049285011517,205.68
2025-07-06,20313,SKU1027,M,1,205.0,Online,0.0,205.0
2025-07-06,20314,SKU1003,XS,2,130.0,Online,0.0,260.0
2025-07-06,20315,SKU1014,XL,1,184.0,Store,0.0,184.0
2025-07-06,20316,SKU1000,S,1,62.0,Store,0.0,62.0
2025-07-06,20317,SKU1016,M,1,145.0,Online,0.0,145.0
2025-07-06,20318,SKU1008,M,1,84.0,Store,0.19721750444974237,67.43
2025-07-06,20319,SKU1012,M,1,188.0,Online,0.0,188.0
2025-07-06,20320,SKU1016,M,1,145.0,Online,0.0,145.0
2025-07-06,20321,SKU1011,M,1,235.0,Store,0.0,235.0
2025-07-06,20322,SKU1014,M,1,184.0,Store,0.03824689270097668,176.96
2025-07-06,20323,SKU1027,S,1,205.0,Store,0.0,205.0
2025-07-06,20324,SKU1029,S,1,131.0,Store,0.0,131.0
2025-07-07,20325,SKU1013,L,1,193.0,Online,0.0,193.0
2025-07-07,20326,SKU1003,M,3,130.0,Store,0.1003750064491187,350.85
2025-07-07,20327,SKU1030,S,1,132.0,Store,0.0,132.0
2025-07-07,20328,SKU1002,XS,1,172.0,Store,0.049075047914687864,163.56
2025-07-07,20329,SKU1020,S,1,142.0,Store,0.0,142.0
2025-07-07,20330,SKU1009,S,1,63.0,Store,0.10096469835165951,56.64
2025-07-07,20331,SKU1007,L,3,180.0,Online,0.10742558263277258,481.99
2025-07-07,20332,SKU1001,L,2,195.0,Store,0.0,390.0
2025-07-07,20333,SKU1032,XL,1,62.0,Online,0.0,62.0
2025-07-07,20334,SKU1015,XS,1,198.0,Online,0.0,198.0
2025-07-07,20335,SKU1012,M,1,188.0,Store,0.10123639456431059,168.97
2025-07-07,20336,SKU1026,M,1,123.0,Store,0.0,123.0
2025-07-07,20337,SKU1001,XL,1,195.0,Store,0.0,195.0
2025-07-07,20338,SKU1020,S,1,142.0,Store,0.0677585772083405,132.38
2025-07-07,20339,SKU1017,S,1,69.0,Store,0.0,69.0
2025-07-07,20340,SKU1019,XL,3,132.0,Store,0.0,396.0
2025-07-07,20341,SKU1004,L,1,129.0,Store,0.0,129.0
2025-07-07,20342,SKU1034,M,1,218.0,Online,0.0,218.0
2025-07-08,20343,SKU1000,XL,1,62.0,Online,0.005243701672213802,61.67
2025-07-08,20344,SKU1002,M,1,172.0,Store,0.1740926678921625,142.06
2025-07-08,20345,SKU1018,XL,1,208.0,Online,0.0,208.0
2025-07-08,20346,SKU1018,S,1,208.0,Store,0.0,208.0
2025-07-08,20347,SKU1010,S,1,147.0,Store,0.0,147.0
2025-07-08,20348,SKU1009,XS,1,63.0,Store,0.0,63.0
2025-07-08,20349,SKU1002,XL,2,172.0,Store,0.23087408899204115,264.58
2025-07-08,20350,SKU1023,S,1,225.0,Store,0.0,225.0
2025-07-08,20351,SKU1013,M,1,193.0,Store,0.07112576662988039,179.27
2025-07-08,20352,SKU1004,S,2,129.0,Online,0.0,258.0
2025-07-08,20353,SKU1014,M,2,184.0,Online,0.0,368.0
2025-07-09,20354,SKU1019,L,2,132.0,Store,0.0,264.0
2025-07-09,20355,SKU1035,XL,1,57.0,Online,0.0,57.0
2025-07-09,20356,SKU1028,S,1,151.0,Online,0.0,151.0
2025-07-09,20357,SKU1016,S,1,145.0,Online,0.0,145.0
2025-07-09,20358,SKU1000,M,1,62.0,Online,0.02035851034810708,60.74
2025-07-09,20359,SKU1003,XS,1,130.0,Online,0.0,130.0
2025-07-09,20360,SKU1015,L,1,198.0,Store,0.0,198.0
2025-07-09,20361,SKU1020,M,1,142.0,Online,0.0,142.0
2025-07-09,20362,SKU1001,XS,1,195.0,Store,0.0,195.0
2025-07-09,20363,SKU1004,S,2,129.0,Store,0.0,258.0
2025-07-09,20364,SKU1025,XS,1,170.0,Store,0.0,170.0
2025-07-09,20365,SKU1027,S,1,205.0,Store,0.0,205.0
2025-07-09,20366,SKU1001,L,1,195.0,Online,0.0,195.0
2025-07-09,20367,SKU1018,XL,1,208.0,Store,0.10573292122231229,186.01
2025-07-09,20368,SKU1002,L,1,172.0,Store,0.0,172.0
2025-07-09,20369,SKU1026,XL,1,123.0,Online,0.030782227996897983,119.21
2025-07-09,20370,SKU1030,S,1,132.0,Store,0.0,132.0
2025-07-09,20371,SKU1031,M,1,89.0,Store,0.0,89.0
2025-07-09,20372,SKU1021,M,3,117.0,Store,0.0,351.0
2025-07-09,20373,SKU1022,M,1,80.0,Store,0.07093731341754923,74.33
2025-07-09,20374,SKU1033,S,2,153.0,Online,0.0,306.0
2025-07-09,20375,SKU1022,S,1,80.0,Online,0.03067673390742675,77.55
2025-07-10,20376,SKU1035,S,1,57.0,Online,0.0,57.0
2025-07-10,20377,SKU1009,S,1,63.0,Online,0.1299565612325251,54.81
2025-07-10,20378,SKU1001,L,3,195.0,Store,0.0,585.0
2025-07-10,20379,SKU1012,S,3,188.0,Store,0.0,564.0
2025-07-10,20380,SKU1026,XS,1,123.0,Store,0.0,123.0
2025-07-10,20381,SKU1003,XL,1,130.0,Store,0.060817764079846195,122.09
2025-07-10,20382,SKU1002,XL,1,172.0,Online,0.0,172.0
2025-07-10,20383,SKU1030,L,2,132.0,Online,0.1247230330493905,231.07
2025-07-10,20384,SKU1021,M,1,117.0,Online,0.0,117.0
2025-07-10,20385,SKU1012,S,1,188.0,Store,0.0,188.0
2025-07-11,20386,SKU1030,M,1,132.0,Online,0.04163299621989136,126.5
2025-07-11,20387,SKU1020,L,1,142.0,Store,0.0,142.0
2025-07-11,20388,SKU1002,L,2,172.0,Online,0.11929883172426503,302.96
2025-07-11,20389,SKU1001,L,1,195.0,Store,0.07807494333881237,179.78
2025-07-11,20390,SKU1017,M,2,69.0,Online,0.15220648564430575,117.0
2025-07-11,20391,SKU1014,M,2,184.0,Online,0.0,368.0
2025-07-11,20392,SKU1030,M,1,132.0,Online,0.0,132.0
2025-07-11,20393,SKU1020,M,1,142.0,Store,0.0,142.0
2025-07-11,20394,SKU1027,XS,3,205.0,Online,0.11329046705744325,545.33
2025-07-11,20395,SKU1021,M,1,117.0,Store,0.0,117.0
2025-07-11,20396,SKU1012,XS,1,188.0,Store,0.0,188.0
2025-07-11,20397,SKU1023,S,1,225.0,Store,0.17580034652184978,185.44
2025-07-11,20398,SKU1022,M,1,80.0,Online,0.0,80.0
2025-07-11,20399,SKU1025,L,2,170.0,Store,0.0,340.0
2025-07-11,20400,SKU1006,XL,2,61.0,Store,0.060854226559620195,114.58
2025-07-11,20401,SKU1023,M,1,225.0,Store,0.0883840100644201,205.11
2025-07-11,20402,SKU1010,XL,1,147.0,Store,0.009040678093840779,145.67
2025-07-11,20403,SKU1028,M,2,151.0,Store,0.0,302.0
2025-07-11,20404,SKU1028,S,1,151.0,Online,0.0,151.0
2025-07-11,20405,SKU1022,L,1,80.0,Store,0.0,80.0
2025-07-12,20406,SKU1003,L,1,130.0,Store,0.0,130.0
2025-07-12,20407,SKU1016,L,1,145.0,Store,0.06439897129497597,135.66
2025-07-12,20408,SKU1023,S,1,225.0,Store,0.0,225.0
2025-07-12,20409,SKU1002,L,2,172.0,Store,0.000772573431853274,343.73
2025-07-12,20410,SKU1035,M,3,57.0,Online,0.0,171.0
2025-07-12,20411,SKU1013,XS,1,193.0,Store,0.0,193.0
2025-07-12,20412,SKU1000,L,1,62.0,Online,0.0,62.0
2025-07-12,20413,SKU1023,M,1,225.0,Store,0.0,225.0
2025-07-12,20414,SKU1020,XL,4,142.0,Online,0.0,568.0
2025-07-12,20415,SKU1023,M,1,225.0,Store,0.2518393460783511,168.34
2025-07-12,20416,SKU1027,M,2,205.0,Store,0.0,410.0
2025-07-12,20417,SKU1017,S,1,69.0,Online,0.0,69.0
2025-07-12,20418,SKU1029,M,1,131.0,Online,0.0,131.0
2025-07-12,20419,SKU1013,L,3,193.0,Online,0.0,579.0
2025-07-12,20420,SKU1019,M,1,132.0,Store,0.0,132.0
2025-07-12,20421,SKU1005,S,1,212.0,Store,0.0,212.0
2025-07-12,20422,SKU1022,M,2,80.0,Store,0.0,160.0
2025-07-12,20423,SKU1009,M,1,63.0,Online,0.0,63.0
2025-07-12,20424,SKU1025,M,2,170.0,Online,0.01535265587318603,334.78
2025-07-13,20425,SKU1005,M,1,212.0,Online,0.0,212.0
2025-07-13,20426,SKU1003,XL,1,130.0,Store,0.0,130.0
2025-07-13,20427,SKU1020,M,2,142.0,Online,0.0,284.0
2025-07-13,20428,SKU1023,L,2,225.0,Online,0.09329641609051947,408.02
2025-07-13,20429,SKU1010,S,1,147.0,Store,0.17292721050297866,121.58
2025-07-13,20430,SKU1028,M,1,151.0,Store,0.0,151.0
2025-07-13,20431,SKU1026,L,1,123.0,Store,0.0,123.0
2025-07-13,20432,SKU1012,L,1,188.0,Online,0.0,188.0
2025-07-13,20433,SKU1008,XS,1,84.0,Store,0.0,84.0
2025-07-13,20434,SKU1026,S,1,123.0,Online,0.0,123.0
2025-07-13,20435,SKU1024,M,1,197.0,Store,0.0,197.0
2025-07-13,20436,SKU1006,L,1,61.0,Store,0.0,61.0
2025-07-14,20437,SKU1027,XS,4,205.0,Online,0.0,820.0
2025-07-14,20438,SKU1006,XL,1,61.0,Online,0.13683015951217847,52.65
2025-07-14,20439,SKU1027,M,3,205.0,Online,0.0,615.0
2025-07-14,20440,SKU1017,XS,1,69.0,Store,0.0,69.0
2025-07-14,20441,SKU1035,S,1,57.0,Online,0.0,57.0
2025-07-14,20442,SKU1001,S,1,195.0,Online,0.0,195.0
2025-07-14,20443,SKU1034,M,1,218.0,Store,0.0,218.0
2025-07-14,20444,SKU1008,L,3,84.0,Online,0.0,252.0
2025-07-14,20445,SKU1001,L,2,195.0,Store,0.0,390.0
2025-07-14,20446,SKU1026,S,1,123.0,Store,0.0,123.0
2025-07-14,20447,SKU1019,S,1,132.0,Online,0.0,132.0
2025-07-14,20448,SKU1030,XS,1,132.0,Store,0.0,132.0
2025-07-15,20449,SKU1021,L,1,117.0,Store,0.0,117.0
2025-07-15,20450,SKU1009,L,2,63.0,Store,0.2807792603532,90.62
2025-07-15,20451,SKU1015,L,1,198.0,Online,0.017114472335428794,194.61
2025-07-15,20452,SKU1003,S,1,130.0,Store,0.0,130.0
2025-07-15,20453,SKU1033,M,1,153.0,Online,0.061317069385187474,143.62
2025-07-15,20454,SKU1027,L,1,205.0,Store,0.0,205.0
2025-07-15,20455,SKU1010,M,1,147.0,Store,0.04923087749233804,139.76
2025-07-15,20456,SKU1024,M,2,197.0,Store,0.0,394.0
2025-07-15,20457,SKU1024,XS,1,197.0,Store,0.01925352051795636,193.21
2025-07-15,20458,SKU1021,M,1,117.0,Store,0.0,117.0
2025-07-15,20459,SKU1001,S,1,195.0,Store,0.12407830846455388,170.8
2025-07-15,20460,SKU1031,XS,1,89.0,Online,0.0,89.0
2025-07-15,20461,SKU1034,M,1,218.0,Store,0.0,218.0
2025-07-15,20462,SKU1035,M,1,57.0,Store,0.0,57.0
2025-07-15,20463,SKU1035,XL,1,57.0,Store,0.0,57.0
2025-07-15,20464,SKU1033,XL,2,153.0,Online,0.0,306.0
2025-07-15,20465,SKU1026,M,1,123.0,Store,0.1794775515012104,100.92
2025-07-15,20466,SKU1002,L,1,172.0,Store,0.042831597951474516,164.63
2025-07-15,20467,SKU1016,M,2,145.0,Online,0.0,290.0
2025-07-15,20468,SKU1008,S,2,84.0,Store,0.0,168.0
2025-07-16,20469,SKU1025,S,1,170.0,Store,0.0,170.0
2025-07-16,20470,SKU1003,L,2,130.0,Store,0.0,260.0
2025-07-16,20471,SKU1032,XL,1,62.0,Store,0.06247878607318756,58.13
2025-07-16,20472,SKU1008,XL,2,84.0,Store,0.0,168.0
2025-07-16,20473,SKU1023,M,1,225.0,Store,0.0,225.0
2025-07-16,20474,SKU1000,M,1,62.0,Store,0.0,62.0
2025-07-16,20475,SKU1005,L,2,212.0,Online,0.0,424.0
2025-07-16,20476,SKU1035,S,1,57.0,Store,0.0,57.0
2025-07-16,20477,SKU1030,S,1,132.0,Store,0.0,132.0
2025-07-16,20478,SKU1008,M,2,84.0,Online,0.0,168.0
2025-07-16,20479,SKU1004,M,1,129.0,Store,0.0,129.0
2025-07-17,20480,SKU1022,XL,2,80.0,Online,0.0,160.0
2025-07-17,20481,SKU1029,XS,1,131.0,Online,0.04375046630400463,125.27
2025-07-17,20482,SKU1023,M,1,225.0,Online,0.08474933657405313,205.93
2025-07-17,20483,SKU1021,M,1,117.0,Store,0.07226613960663528,108.54
2025-07-17,20484,SKU1016,XL,2,145.0,Store,0.06573577048070765,270.94
2025-07-17,20485,SKU1008,XL,1,84.0,Online,0.0,84.0
2025-07-17,20486,SKU1010,M,2,147.0,Store,0.0,294.0
2025-07-17,20487,SKU1026,L,2,123.0,Store,0.0,246.0
2025-07-17,20488,SKU1002,S,1,172.0,Store,0.0,172.0
2025-07-17,20489,SKU1003,S,1,130.0,Store,0.0,130.0
2025-07-17,20490,SKU1014,S,1,184.0,Online,0.1699218157498796,152.73
2025-07-17,20491,SKU1027,L,2,205.0,Online,0.0,410.0
2025-07-17,20492,SKU1023,S,1,225.0,Online,0.04174050465379134,215.61
2025-07-17,20493,SKU1021,L,1,117.0,Store,0.019523072229429554,114.72
2025-07-17,20494,SKU1019,XL,4,132.0,Store,0.009024325517020086,523.24
2025-07-17,20495,SKU1003,S,1,130.0,Store,0.0,130.0
2025-07-17,20496,SKU1011,XL,2,235.0,Store,0.0985702941017057,423.67
2025-07-17,20497,SKU1002,XL,1,172.0,Online,0.003211907778279857,171.45
2025-07-17,20498,SKU1027,M,1,205.0,Store,0.0,205.0
2025-07-17,20499,SKU1027,S,1,205.0,Store,0.14111865443237187,176.07
2025-07-17,20500,SKU1009,S,1,63.0,Store,0.0,63.0
2025-07-18,20501,SKU1022,L,2,80.0,Store,0.0,160.0
2025-07-18,20502,SKU1024,S,1,197.0,Store,0.0,197.0
2025-07-18,20503,SKU1026,L,2,123.0,Store,0.0,246.0
2025-07-18,20504,SKU1033,XS,1,153.0,Store,0.032686679519405244,148.0
2025-07-18,20505,SKU1004,XS,1,129.0,Store,0.0,129.0
2025-07-18,20506,SKU1015,XL,1,198.0,Online,0.0,198.0
2025-07-18,20507,SKU1008,L,1,84.0,Online,0.216096747752544,65.85
2025-07-18,20508,SKU1032,XL,3,62.0,Store,0.13249449641789934,161.36
2025-07-18,20509,SKU1019,XS,2,132.0,Store,0.0,264.0
2025-07-18,20510,SKU1003,XS,1,130.0,Online,0.0,130.0
2025-07-18,20511,SKU1024,S,1,197.0,Online,0.05774152317934288,185.62
2025-07-18,20512,SKU1001,L,1,195.0,Store,0.0,195.0
2025-07-19,20513,SKU1005,XS,1,212.0,Online,0.17126199401332445,175.69
2025-07-19,20514,SKU1020,L,1,142.0,Store,0.0,142.0
2025-07-19,20515,SKU1033,XS,1,153.0,Online,0.0997860448048244,137.73
2025-07-19,20516,SKU1019,L,1,132.0,Online,0.0,132.0
2025-07-19,20517,SKU1027,S,1,205.0,Store,0.0,205.0
2025-07-19,20518,SKU1011,M,1,235.0,Online,0.06587457284190291,219.52
2025-07-19,20519,SKU1033,S,1,153.0,Online,0.09723523548012364,138.12
2025-07-19,20520,SKU1029,XL,1,131.0,Store,0.15513675910864072,110.68
2025-07-19,20521,SKU1033,L,3,153.0,Store,0.12016876801193326,403.84
2025-07-19,20522,SKU1026,L,1,123.0,Store,0.11519338250183297,108.83
2025-07-19,20523,SKU1023,XS,1,225.0,Store,0.0,225.0
2025-07-19,20524,SKU1018,S,1,208.0,Online,0.0,208.0
2025-07-19,20525,SKU1033,S,2,153.0,Online,0.0,306.0
2025-07-19,20526,SKU1030,L,1,132.0,Online,0.10431723129017591,118.23
2025-07-19,20527,SKU1015,XS,1,198.0,Online,0.026132356970798527,192.83
2025-07-19,20528,SKU1003,M,1,130.0,Store,0.0,130.0
2025-07-19,20529,SKU1000,L,1,62.0,Online,0.0,62.0
2025-07-20,20530,SKU1027,XL,1,205.0,Online,0.03408979037756922,198.01
2025-07-20,20531,SKU1034,XS,3,218.0,Online,0.14273276817711011,560.65
2025-07-20,20532,SKU1017,XS,1,69.0,Store,0.09065969495977816,62.74
2025-07-20,20533,SKU1031,L,3,89.0,Store,0.0,267.0
2025-07-20,20534,SKU1017,S,1,69.0,Store,0.01820324572163847,67.74
2025-07-20,20535,SKU1004,S,2,129.0,Store,0.0,258.0
2025-07-20,20536,SKU1000,L,1,62.0,Online,0.06688566396121276,57.85
2025-07-20,20537,SKU1004,L,2,129.0,Store,0.0,258.0
2025-07-20,20538,SKU1033,S,1,153.0,Store,0.0,153.0
2025-07-20,20539,SKU1017,L,1,69.0,Online,0.15072798429872045,58.6
2025-07-20,20540,SKU1011,S,1,235.0,Online,0.0,235.0
2025-07-20,20541,SKU1016,XS,2,145.0,Store,0.0,290.0
2025-07-20,20542,SKU1009,M,1,63.0,Store,0.0,63.0
2025-07-21,20543,SKU1034,M,2,218.0,Online,0.15699636961187718,367.55
2025-07-21,20544,SKU1001,XS,2,195.0,Online,0.04494768488733754,372.47
2025-07-21,20545,SKU1010,XS,3,147.0,Store,0.0,441.0
2025-07-21,20546,SKU1004,S,1,129.0,Store,0.0,129.0
2025-07-21,20547,SKU1031,M,1,89.0,Online,0.0,89.0
2025-07-21,20548,SKU1017,L,1,69.0,Online,0.0,69.0
2025-07-21,20549,SKU1033,S,1,153.0,Store,0.11314436423542992,135.69
2025-07-21,20550,SKU1023,XL,3,225.0,Store,0.0,675.0
2025-07-21,20551,SKU1020,XS,1,142.0,Online,0.06552436543637855,132.7
2025-07-21,20552,SKU1018,S,1,208.0,Online,0.0,208.0
2025-07-21,20553,SKU1007,S,2,180.0,Online,0.0,360.0
2025-07-21,20554,SKU1020,M,1,142.0,Online,0.12001695444635725,124.96
2025-07-22,20555,SKU1010,L,1,147.0,Store,0.0,147.0
2025-07-22,20556,SKU1033,M,1,153.0,Store,0.0,153.0
2025-07-22,20557,SKU1007,L,3,180.0,Online,0.0,540.0
2025-07-22,20558,SKU1032,M,2,62.0,Store,0.0,124.0
2025-07-22,20559,SKU1001,M,1,195.0,Online,0.0,195.0
2025-07-22,20560,SKU1000,XS,3,62.0,Store,0.0,186.0
2025-07-22,20561,SKU1002,M,1,172.0,Online,0.0,172.0
2025-07-22,20562,SKU1028,M,2,151.0,Online,0.2201709180265314,235.51
2025-07-22,20563,SKU1009,XL,4,63.0,Online,0.0,252.0
2025-07-22,20564,SKU1016,M,1,145.0,Store,0.0,145.0
2025-07-22,20565,SKU1016,M,1,145.0,Store,0.03629301802834406,139.74
2025-07-22,20566,SKU1028,XS,1,151.0,Store,0.0,151.0
2025-07-22,20567,SKU1012,L,1,188.0,Store,0.0,188.0
2025-07-22,20568,SKU1000,S,3,62.0,Store,0.0,186.0
2025-07-22,20569,SKU1013,XL,1,193.0,Online,0.0,193.0
2025-07-22,20570,SKU1010,M,1,147.0,Store,0.0,147.0
2025-07-22,20571,SKU1026,L,2,123.0,Online,0.0,246.0
2025-07-22,20572,SKU1027,M,1,205.0,Online,0.0,205.0
2025-07-23,20573,SKU1030,S,1,132.0,Online,0.0,132.0
2025-07-23,20574,SKU1000,M,3,62.0,Online,0.0,186.0
2025-07-23,20575,SKU1017,S,1,69.0,Store,0.0,69.0
2025-07-23,20576,SKU1020,XS,4,142.0,Store,0.06519262017958949,530.97
2025-07-23,20577,SKU1030,S,1,132.0,Store,0.0,132.0
2025-07-23,20578,SKU1008,S,1,84.0,Online,0.0,84.0
2025-07-23,20579,SKU1011,M,1,235.0,Online,0.1077000366276715,209.69
2025-07-23,20580,SKU1006,M,1,61.0,Online,0.0,61.0
2025-07-23,20581,SKU1027,L,2,205.0,Store,0.0,410.0
2025-07-23,20582,SKU1035,XS,2,57.0,Store,0.0,114.0
2025-07-23,20583,SKU1005,L,1,212.0,Store,0.0,212.0
2025-07-23,20584,SKU1008,S,1,84.0,Store,0.0,84.0
2025-07-23,20585,SKU1011,XS,1,235.0,Store,0.0,235.0
2025-07-23,20586,SKU1032,L,1,62.0,Store,0.10924855219647106,55.23
2025-07-23,20587,SKU1016,S,1,145.0,Store,0.06420701289355651,135.69
2025-07-23,20588,SKU1010,S,3,147.0,Store,0.0,441.0
2025-07-23,20589,SKU1011,XS,1,235.0,Online,0.0,235.0
2025-07-23,20590,SKU1021,S,1,117.0,Online,0.0,117.0
2025-07-23,20591,SKU1013,S,1,193.0,Store,0.2694191093310815,141.0
2025-07-23,20592,SKU1005,M,1,212.0,Online,0.26342444288931566,156.15
2025-07-24,20593,SKU1021,M,1,117.0,Online,0.0,117.0
2025-07-24,20594,SKU1022,XS,1,80.0,Store,0.09626191696648245,72.3
2025-07-24,20595,SKU1012,L,5,188.0,Online,0.0,940.0
2025-07-24,20596,SKU1013,XL,1,193.0,Online,0.0,193.0
2025-07-24,20597,SKU1024,M,3,197.0,Online,0.0,591.0
2025-07-24,20598,SKU1001,XL,2,195.0,Store,0.17939212221907375,320.04
2025-07-24,20599,SKU1008,L,1,84.0,Online,0.11986328530015766,73.93
2025-07-24,20600,SKU1021,M,1,117.0,Store,0.0,117.0
2025-07-24,20601,SKU1022,XL,1,80.0,Store,0.09517970444716703,72.39
2025-07-24,20602,SKU1003,M,1,130.0,Store,0.0809498656551508,119.48
2025-07-24,20603,SKU1028,XL,1,151.0,Store,0.0,151.0
2025-07-24,20604,SKU1019,XS,1,132.0,Store,0.015044990266732325,130.01
2025-07-24,20605,SKU1008,S,4,84.0,Online,0.0,336.0
2025-07-24,20606,SKU1027,M,1,205.0,Online,0.0,205.0
2025-07-24,20607,SKU1035,XS,2,57.0,Online,0.0,114.0
2025-07-24,20608,SKU1015,XL,1,198.0,Store,0.01071851361768842,195.88
2025-07-24,20609,SKU1010,S,1,147.0,Online,0.11775567178471066,129.69
2025-07-24,20610,SKU1010,L,1,147.0,Store,0.07644862204964173,135.76
2025-07-24,20611,SKU1021,S,1,117.0,Online,0.1064238750733261,104.55
2025-07-24,20612,SKU1001,M,3,195.0,Store,0.0,585.0
2025-07-24,20613,SKU1017,M,1,69.0,Online,0.1261080670675861,60.3
2025-07-25,20614,SKU1022,L,1,80.0,Online,0.00939106203662022,79.25
2025-07-25,20615,SKU1027,M,1,205.0,Store,0.0,205.0
2025-07-25,20616,SKU1015,M,1,198.0,Store,0.0,198.0
2025-07-25,20617,SKU1022,L,2,80.0,Store,0.0,160.0
2025-07-25,20618,SKU1003,L,1,130.0,Store,0.13075081670645947,113.0
2025-07-25,20619,SKU1019,M,1,132.0,Store,0.10569128033981398,118.05
2025-07-25,20620,SKU1020,L,1,142.0,Store,0.0,142.0
2025-07-25,20621,SKU1001,L,1,195.0,Store,0.0,195.0
2025-07-26,20622,SKU1020,XS,2,142.0,Store,0.0,284.0
2025-07-26,20623,SKU1000,M,3,62.0,Store,0.0,186.0
2025-07-26,20624,SKU1009,XL,2,63.0,Store,0.0101000300815266,124.73
2025-07-26,20625,SKU1005,M,2,212.0,Store,0.0,424.0
2025-07-26,20626,SKU1022,S,1,80.0,Online,0.0,80.0
2025-07-26,20627,SKU1024,M,1,197.0,Online,0.0,197.0
2025-07-26,20628,SKU1016,M,2,145.0,Store,0.0,290.0
2025-07-26,20629,SKU1005,M,1,212.0,Store,0.0,212.0
2025-07-26,20630,SKU1013,L,1,193.0,Store,0.0,193.0
2025-07-26,20631,SKU1030,XL,1,132.0,Store,0.0,132.0
2025-07-26,20632,SKU1007,L,1,180.0,Store,0.0,180.0
2025-07-26,20633,SKU1005,M,1,212.0,Store,0.0,212.0
2025-07-27,20634,SKU1016,S,1,145.0,Store,0.0,145.0
2025-07-27,20635,SKU1012,XL,1,188.0,Store,0.07082684505458839,174.68
2025-07-27,20636,SKU1010,M,3,147.0,Online,0.0,441.0
2025-07-27,20637,SKU1023,XL,1,225.0,Store,0.0,225.0
2025-07-27,20638,SKU1014,XS,1,184.0,Store,0.0,184.0
2025-07-27,20639,SKU1017,S,1,69.0,Store,0.0,69.0
2025-07-27,20640,SKU1028,M,1,151.0,Store,0.16886263143953134,125.5
2025-07-27,20641,SKU1003,XS,1,130.0,Online,0.011931342345028864,128.45
2025-07-27,20642,SKU1012,S,1,188.0,Online,0.0,188.0
2025-07-28,20643,SKU1016,S,1,145.0,Store,0.2657054287128259,106.47
2025-07-28,20644,SKU1035,S,1,57.0,Store,0.0,57.0
2025-07-28,20645,SKU1031,M,1,89.0,Store,0.0,89.0
2025-07-28,20646,SKU1035,S,1,57.0,Store,0.09584666063503205,51.54
2025-07-28,20647,SKU1019,M,1,132.0,Store,0.0,132.0
2025-07-28,20648,SKU1015,L,1,198.0,Online,0.0,198.0
2025-07-28,20649,SKU1025,L,3,170.0,Store,0.0,510.0
2025-07-28,20650,SKU1002,S,1,172.0,Store,0.08581855813689263,157.24
2025-07-28,20651,SKU1030,L,1,132.0,Online,0.0,132.0
2025-07-29,20652,SKU1025,L,2,170.0,Online,0.0,340.0
2025-07-29,20653,SKU1004,L,1,129.0,Store,0.0,129.0
2025-07-29,20654,SKU1024,L,2,197.0,Store,0.0,394.0
2025-07-29,20655,SKU1033,L,1,153.0,Online,0.0,153.0
2025-07-29,20656,SKU1027,S,1,205.0,Store,0.0,205.0
2025-07-29,20657,SKU1017,XS,1,69.0,Store,0.0,69.0
2025-07-29,20658,SKU1018,M,1,208.0,Store,0.0,208.0
2025-07-29,20659,SKU1009,M,2,63.0,Store,0.015696946092625744,124.02
2025-07-29,20660,SKU1023,L,1,225.0,Online,0.14161747217809442,193.14
2025-07-29,20661,SKU1008,M,2,84.0,Online,0.0,168.0
2025-07-29,20662,SKU1012,S,1,188.0,Online,0.0,188.0
2025-07-29,20663,SKU1009,XL,1,63.0,Online,0.0,63.0
2025-07-29,20664,SKU1012,M,1,188.0,Online,0.0,188.0
2025-07-30,20665,SKU1034,S,1,218.0,Online,0.0,218.0
2025-07-30,20666,SKU1011,L,1,235.0,Store,0.0,235.0
2025-07-30,20667,SKU1018,XS,2,208.0,Store,0.0,416.0
2025-07-30,20668,SKU1017,M,1,69.0,Store,0.0,69.0
2025-07-30,20669,SKU1025,S,1,170.0,Store,0.0,170.0
2025-07-30,20670,SKU1034,M,1,218.0,Store,0.0,218.0
2025-07-30,20671,SKU1019,M,1,132.0,Store,0.0,132.0
2025-07-30,20672,SKU1028,M,1,151.0,Store,0.0,151.0
2025-07-30,20673,SKU1021,XL,1,117.0,Store,0.05243248085929923,110.87
2025-07-30,20674,SKU1031,M,2,89.0,Store,0.0,178.0
2025-07-30,20675,SKU1014,L,1,184.0,Online,0.0,184.0
2025-07-30,20676,SKU1013,XL,1,193.0,Store,0.0,193.0
2025-07-30,20677,SKU1015,XL,1,198.0,Store,0.00877155879037566,196.26
2025-07-31,20678,SKU1008,XS,2,84.0,Store,0.11468121452860502,148.73
2025-07-31,20679,SKU1002,S,1,172.0,Store,0.0,172.0
2025-07-31,20680,SKU1014,M,1,184.0,Store,0.0,184.0
2025-07-31,20681,SKU1026,XL,1,123.0,Store,0.1508050957491942,104.45
2025-07-31,20682,SKU1035,S,2,57.0,Store,0.0,114.0
2025-07-31,20683,SKU1019,XL,1,132.0,Online,0.0,132.0
2025-07-31,20684,SKU1021,XS,1,117.0,Online,0.0,117.0
2025-07-31,20685,SKU1030,M,3,132.0,Online,0.0,396.0
2025-07-31,20686,SKU1032,S,1,62.0,Store,0.1000855677056617,55.79
2025-07-31,20687,SKU1010,S,1,147.0,Online,0.0,147.0
2025-07-31,20688,SKU1035,XS,1,57.0,Online,0.0,57.0
2025-07-31,20689,SKU1018,S,2,208.0,Online,0.0,416.0
2025-07-31,20690,SKU1033,M,1,153.0,Online,0.0,153.0
2025-07-31,20691,SKU1004,XL,2,129.0,Store,0.10279484679844539,231.48
2025-07-31,20692,SKU1003,L,1,130.0,Store,0.0,130.0
2025-07-31,20693,SKU1031,S,1,89.0,Store,0.0,89.0
2025-07-31,20694,SKU1024,XL,1,197.0,Online,0.0,197.0
2025-07-31,20695,SKU1006,XS,1,61.0,Online,0.17220241533922193,50.5
2025-07-31,20696,SKU1032,M,1,62.0,Online,0.0,62.0
2025-07-31,20697,SKU1003,M,2,130.0,Online,0.07070762453575566,241.62
2025-07-31,20698,SKU1024,S,2,197.0,Store,0.0,394.0
2025-07-31,20699,SKU1007,L,1,180.0,Online,0.0,180.0
2025-07-31,20700,SKU1002,L,1,172.0,Online,0.0,172.0
2025-08-01,20701,SKU1001,XS,2,195.0,Store,0.08808864080354971,355.65
2025-08-01,20702,SKU1022,L,1,80.0,Store,0.0,80.0
2025-08-01,20703,SKU1024,L,3,197.0,Store,0.0,591.0
2025-08-01,20704,SKU1002,XS,1,172.0,Online,0.0,172.0
2025-08-01,20705,SKU1029,XL,1,131.0,Online,0.0,131.0
2025-08-01,20706,SKU1007,S,1,180.0,Online,0.0,180.0
2025-08-01,20707,SKU1032,XS,1,62.0,Store,0.0060530828540021064,61.62
2025-08-01,20708,SKU1019,XS,1,132.0,Store,0.0,132.0
2025-08-01,20709,SKU1011,L,1,235.0,Store,0.0,235.0
2025-08-01,20710,SKU1002,M,1,172.0,Online,0.18267590753970847,140.58
2025-08-01,20711,SKU1000,XL,1,62.0,Online,0.205385212489425,49.27
2025-08-01,20712,SKU1026,S,2,123.0,Store,0.0,246.0
2025-08-01,20713,SKU1013,S,1,193.0,Online,0.0,193.0
2025-08-01,20714,SKU1030,L,1,132.0,Online,0.1576913893084272,111.18
2025-08-01,20715,SKU1008,XL,1,84.0,Store,0.23733352715163905,64.06
2025-08-01,20716,SKU1033,L,1,153.0,Store,0.07347600194811663,141.76
2025-08-01,20717,SKU1033,XS,1,153.0,Store,0.0,153.0
2025-08-01,20718,SKU1003,M,1,130.0,Store,0.0,130.0
2025-08-01,20719,SKU1023,S,2,225.0,Online,0.0,450.0
2025-08-01,20720,SKU1033,L,1,153.0,Store,0.0016012175273294876,152.76
2025-08-02,20721,SKU1011,M,1,235.0,Online,0.0,235.0
2025-08-02,20722,SKU1005,L,1,212.0,Online,0.07711484327114283,195.65
2025-08-02,20723,SKU1031,XS,1,89.0,Store,0.0,89.0
2025-08-02,20724,SKU1024,XL,1,197.0,Online,0.04042394038329802,189.04
2025-08-02,20725,SKU1032,XL,1,62.0,Store,0.0,62.0
2025-08-02,20726,SKU1020,L,1,142.0,Online,0.0,142.0
2025-08-02,20727,SKU1003,M,1,130.0,Online,0.0,130.0
2025-08-02,20728,SKU1032,M,2,62.0,Store,0.0,124.0
2025-08-02,20729,SKU1016,L,1,145.0,Store,0.039565379121439065,139.26
2025-08-02,20730,SKU1024,L,1,197.0,Store,0.17247553670243396,163.02
2025-08-02,20731,SKU1013,M,2,193.0,Online,0.0,386.0
2025-08-02,20732,SKU1017,M,1,69.0,Store,0.0,69.0
2025-08-03,20733,SKU1030,S,1,132.0,Store,0.0,132.0
2025-08-03,20734,SKU1006,XS,1,61.0,Online,0.0,61.0
2025-08-03,20735,SKU1013,M,2,193.0,Online,0.0,386.0
2025-08-03,20736,SKU1027,S,1,205.0,Store,0.0,205.0
2025-08-03,20737,SKU1004,L,1,129.0,Store,0.0,129.0
2025-08-03,20738,SKU1011,XS,2,235.0,Store,0.0,470.0
2025-08-03,20739,SKU1027,L,1,205.0,Store,0.10393985099641512,183.69
2025-08-03,20740,SKU1021,L,1,117.0,Online,0.0,117.0
2025-08-03,20741,SKU1028,L,1,151.0,Online,0.0,151.0
2025-08-03,20742,SKU1018,S,1,208.0,Store,0.0,208.0
2025-08-03,20743,SKU1030,L,1,132.0,Online,0.0,132.0
2025-08-03,20744,SKU1031,S,1,89.0,Online,0.0,89.0
2025-08-03,20745,SKU1035,S,1,57.0,Store,0.0,57.0
2025-08-03,20746,SKU1004,L,4,129.0,Online,0.0,516.0
2025-08-03,20747,SKU1021,L,1,117.0,Online,0.0,117.0
2025-08-04,20748,SKU1001,S,1,195.0,Online,0.0,195.0
2025-08-04,20749,SKU1007,L,1,180.0,Store,0.0,180.0
2025-08-04,20750,SKU1014,XS,2,184.0,Store,0.0,368.0
2025-08-04,20751,SKU1007,S,1,180.0,Store,0.17177910894176784,149.08
2025-08-04,20752,SKU1004,M,1,129.0,Online,0.0,129.0
2025-08-04,20753,SKU1035,XL,1,57.0,Online,0.0,57.0
2025-08-04,20754,SKU1031,S,1,89.0,Store,0.07599416628529812,82.24
2025-08-04,20755,SKU1015,S,1,198.0,Store,0.0,198.0
2025-08-04,20756,SKU1007,S,1,180.0,Store,0.0,180.0
2025-08-05,20757,SKU1000,S,1,62.0,Online,0.0,62.0
2025-08-05,20758,SKU1017,L,1,69.0,Online,0.0456954570778578,65.85
2025-08-05,20759,SKU1015,XL,1,198.0,Store,0.0,198.0
2025-08-05,20760,SKU1001,L,2,195.0,Store,0.0,390.0
2025-08-05,20761,SKU1012,L,1,188.0,Store,0.0,188.0
2025-08-05,20762,SKU1009,S,1,63.0,Online,0.05180258979141302,59.74
2025-08-05,20763,SKU1020,S,1,142.0,Online,0.12137223618394102,124.77
2025-08-05,20764,SKU1035,XL,1,57.0,Online,0.0,57.0
2025-08-05,20765,SKU1024,XL,1,197.0,Online,0.10501386401544852,176.31
2025-08-05,20766,SKU1033,L,1,153.0,Online,0.0,153.0
2025-08-06,20767,SKU1014,S,1,184.0,Store,0.19367171838229186,148.36
2025-08-06,20768,SKU1013,S,1,193.0,Store,0.0,193.0
2025-08-06,20769,SKU1024,M,2,197.0,Store,0.12940839673882337,343.01
2025-08-06,20770,SKU1015,S,1,198.0,Store,0.0,198.0
2025-08-06,20771,SKU1014,S,1,184.0,Store,0.0,184.0
2025-08-06,20772,SKU1006,S,1,61.0,Online,0.0,61.0
2025-08-06,20773,SKU1017,L,1,69.0,Store,0.07539636528542894,63.8
2025-08-06,20774,SKU1008,S,1,84.0,Store,0.014139784250971121,82.81
2025-08-06,20775,SKU1018,M,1,208.0,Store,0.0950589221899774,188.23
2025-08-06,20776,SKU1031,M,2,89.0,Store,0.0,178.0
2025-08-06,20777,SKU1027,XL,1,205.0,Store,0.0,205.0
2025-08-06,20778,SKU1017,M,1,69.0,Online,0.0,69.0
2025-08-06,20779,SKU1035,S,2,57.0,Store,0.0005927250189381034,113.93
2025-08-06,20780,SKU1035,XS,1,57.0,Store,0.11535765276669788,50.42
2025-08-07,20781,SKU1023,L,1,225.0,Store,0.1756728002135898,185.47
2025-08-07,20782,SKU1035,S,1,57.0,Online,0.0,57.0
2025-08-07,20783,SKU1033,L,1,153.0,Online,0.013283278316332664,150.97
2025-08-07,20784,SKU1032,L,1,62.0,Online,0.0,62.0
2025-08-07,20785,SKU1007,M,1,180.0,Store,0.0,180.0
2025-08-07,20786,SKU1021,XS,1,117.0,Store,0.0,117.0
2025-08-07,20787,SKU1014,M,1,184.0,Online,0.0,184.0
2025-08-07,20788,SKU1034,M,1,218.0,Online,0.0,218.0
2025-08-07,20789,SKU1034,XL,1,218.0,Online,0.0,218.0
2025-08-07,20790,SKU1031,S,1,89.0,Store,0.0,89.0
2025-08-07,20791,SKU1005,XL,1,212.0,Store,0.0,212.0
2025-08-07,20792,SKU1011,S,1,235.0,Store,0.0,235.0
2025-08-07,20793,SKU1025,L,1,170.0,Online,0.0,170.0
2025-08-07,20794,SKU1026,XS,1,123.0,Store,0.0,123.0
2025-08-07,20795,SKU1012,M,1,188.0,Online,0.06161706770817515,176.42
2025-08-08,20796,SKU1010,S,1,147.0,Store,0.0,147.0
2025-08-08,20797,SKU1009,L,1,63.0,Store,0.0,63.0
2025-08-08,20798,SKU1033,L,1,153.0,Online,0.19850889205045746,122.63
2025-08-08,20799,SKU1027,S,2,205.0,Store,0.0,410.0
2025-08-08,20800,SKU1030,XL,1,132.0,Store,0.12231582567383525,115.85
2025-08-08,20801,SKU1023,L,1,225.0,Online,0.0,225.0
2025-08-08,20802,SKU1032,L,1,62.0,Online,0.07543759769309002,57.32
2025-08-08,20803,SKU1004,M,1,129.0,Store,0.0,129.0
2025-08-08,20804,SKU1021,XS,1,117.0,Store,0.0,117.0
2025-08-08,20805,SKU1010,L,3,147.0,Store,0.0,441.0
2025-08-09,20806,SKU1009,L,1,63.0,Store,0.0,63.0
2025-08-09,20807,SKU1020,M,2,142.0,Store,0.0,284.0
2025-08-09,20808,SKU1031,M,3,89.0,Online,0.0,267.0
2025-08-09,20809,SKU1023,L,1,225.0,Store,0.0,225.0
2025-08-09,20810,SKU1017,XL,1,69.0,Store,0.011268180270826489,68.22
2025-08-09,20811,SKU1006,M,1,61.0,Store,0.0,61.0
2025-08-09,20812,SKU1012,S,1,188.0,Store,0.0,188.0
2025-08-09,20813,SKU1030,XS,2,132.0,Online,0.23297023175678505,202.5
2025-08-09,20814,SKU1007,M,1,180.0,Online,0.0,180.0
2025-08-09,20815,SKU1023,XL,1,225.0,Store,0.12330298260105153,197.26
2025-08-09,20816,SKU1017,S,1,69.0,Store,0.0,69.0
2025-08-09,20817,SKU1011,XS,2,235.0,Store,0.0,470.0
2025-08-09,20818,SKU1025,S,1,170.0,Store,0.0,170.0
2025-08-09,20819,SKU1013,L,1,193.0,Online,0.10530869540239597,172.68
2025-08-09,20820,SKU1010,L,1,147.0,Store,0.11474960538458867,130.13
2025-08-09,20821,SKU1019,L,1,132.0,Store,0.06277682031145487,123.71
2025-08-09,20822,SKU1027,M,2,205.0,Online,0.0,410.0
2025-08-09,20823,SKU1031,M,1,89.0,Store,0.0,89.0
2025-08-09,20824,SKU1022,XS,1,80.0,Online,0.0,80.0
2025-08-10,20825,SKU1007,S,1,180.0,Store,0.0,180.0
2025-08-10,20826,SKU1013,XL,1,193.0,Store,0.0,193.0
2025-08-10,20827,SKU1032,XL,1,62.0,Online,0.0,62.0
2025-08-10,20828,SKU1027,XS,1,205.0,Store,0.0,205.0
2025-08-10,20829,SKU1006,M,1,61.0,Store,0.09964864870594295,54.92
2025-08-10,20830,SKU1020,S,2,142.0,Store,0.0,284.0
2025-08-10,20831,SKU1031,M,1,89.0,Store,0.0036145294233976694,88.68
2025-08-10,20832,SKU1034,XL,1,218.0,Store,0.0,218.0
2025-08-10,20833,SKU1027,S,1,205.0,Store,0.0,205.0
2025-08-10,20834,SKU1004,XS,2,129.0,Online,0.0,258.0
2025-08-10,20835,SKU1008,S,1,84.0,Online,0.14912516971004317,71.47
2025-08-11,20836,SKU1020,M,1,142.0,Online,0.0,142.0
2025-08-11,20837,SKU1000,M,1,62.0,Online,0.09205094258632618,56.29
2025-08-11,20838,SKU1024,S,3,197.0,Online,0.0,591.0
2025-08-11,20839,SKU1032,L,1,62.0,Online,0.0,62.0
2025-08-11,20840,SKU1023,S,1,225.0,Store,0.0,225.0
2025-08-11,20841,SKU1021,M,1,117.0,Online,0.0,117.0
2025-08-11,20842,SKU1029,S,1,131.0,Online,0.0,131.0
2025-08-11,20843,SKU1035,M,1,57.0,Online,0.0,57.0
2025-08-12,20844,SKU1025,XS,1,170.0,Store,0.06578228991966902,158.82
2025-08-12,20845,SKU1022,M,1,80.0,Online,0.0,80.0
2025-08-12,20846,SKU1001,XS,1,195.0,Store,0.0,195.0
2025-08-12,20847,SKU1020,L,1,142.0,Online,0.0,142.0
2025-08-12,20848,SKU1020,L,1,142.0,Store,0.15761232650500778,119.62
2025-08-12,20849,SKU1011,XS,1,235.0,Store,0.0,235.0
2025-08-12,20850,SKU1026,XS,1,123.0,Store,0.0,123.0
2025-08-12,20851,SKU1033,M,2,153.0,Store,0.0,306.0
2025-08-12,20852,SKU1009,L,3,63.0,Store,0.0,189.0
2025-08-12,20853,SKU1011,S,1,235.0,Store,0.0,235.0
2025-08-12,20854,SKU1011,XS,1,235.0,Store,0.0,235.0
2025-08-12,20855,SKU1030,XS,1,132.0,Online,0.0,132.0
2025-08-12,20856,SKU1002,M,1,172.0,Store,0.04977938475724601,163.44
2025-08-12,20857,SKU1032,XS,1,62.0,Store,0.19849593280131927,49.69
2025-08-12,20858,SKU1027,XS,1,205.0,Online,0.14120217261945472,176.05
2025-08-12,20859,SKU1017,XL,1,69.0,Online,0.0,69.0
2025-08-12,20860,SKU1021,S,1,117.0,Online,0.0,117.0
2025-08-12,20861,SKU1032,XS,1,62.0,Store,0.08369926596804572,56.81
2025-08-12,20862,SKU1027,L,1,205.0,Store,0.10838712295217734,182.78
2025-08-12,20863,SKU1009,XS,1,63.0,Online,0.0,63.0
2025-08-12,20864,SKU1001,XL,1,195.0,Store,0.0,195.0
2025-08-13,20865,SKU1035,M,4,57.0,Online,0.0,228.0
2025-08-13,20866,SKU1023,L,1,225.0,Online,0.0,225.0
2025-08-13,20867,SKU1011,S,2,235.0,Online,0.08414301102105222,430.45
2025-08-13,20868,SKU1021,S,1,117.0,Online,0.0,117.0
2025-08-13,20869,SKU1014,L,3,184.0,Online,0.23925038640500035,419.93
2025-08-13,20870,SKU1005,M,1,212.0,Online,0.06517485975089973,198.18
2025-08-13,20871,SKU1031,S,1,89.0,Store,0.11932061939742426,78.38
2025-08-13,20872,SKU1031,S,1,89.0,Store,0.0,89.0
2025-08-13,20873,SKU1030,XL,1,132.0,Online,0.07570356907979496,122.01
2025-08-13,20874,SKU1013,XS,1,193.0,Online,0.0317333790800484,186.88
2025-08-13,20875,SKU1009,M,1,63.0,Online,0.0,63.0
2025-08-13,20876,SKU1001,S,1,195.0,Online,0.0,195.0
2025-08-13,20877,SKU1026,L,2,123.0,Online,0.0073812870722164,244.18
2025-08-13,20878,SKU1011,M,1,235.0,Online,0.0,235.0
2025-08-13,20879,SKU1032,L,1,62.0,Online,0.0,62.0
2025-08-13,20880,SKU1031,L,3,89.0,Store,0.0,267.0
2025-08-13,20881,SKU1004,L,1,129.0,Online,0.011098808788624417,127.57
2025-08-13,20882,SKU1033,XL,1,153.0,Store,0.0,153.0
2025-08-14,20883,SKU1005,L,1,212.0,Online,0.0,212.0
2025-08-14,20884,SKU1017,S,1,69.0,Store,0.0,69.0
2025-08-14,20885,SKU1035,S,2,57.0,Online,0.0,114.0
2025-08-14,20886,SKU1029,M,1,131.0,Online,0.1586678062304031,110.21
2025-08-14,20887,SKU1001,XS,1,195.0,Store,0.0,195.0
2025-08-14,20888,SKU1021,M,1,117.0,Online,0.0,117.0
2025-08-14,20889,SKU1021,S,1,117.0,Store,0.1441800405876709,100.13
2025-08-14,20890,SKU1002,XS,1,172.0,Store,0.0,172.0
2025-08-14,20891,SKU1023,M,1,225.0,Online,0.0,225.0
2025-08-14,20892,SKU1018,XL,3,208.0,Online,0.0,624.0
2025-08-14,20893,SKU1024,M,1,197.0,Store,0.0,197.0
2025-08-14,20894,SKU1010,XL,1,147.0,Online,0.15580266917681557,124.1
2025-08-14,20895,SKU1009,L,1,63.0,Store,0.0,63.0
2025-08-14,20896,SKU1026,M,1,123.0,Online,0.0,123.0
2025-08-14,20897,SKU1025,S,2,170.0,Store,0.0,340.0
2025-08-14,20898,SKU1005,XS,1,212.0,Store,0.14138986996091618,182.03
2025-08-14,20899,SKU1007,L,1,180.0,Store,0.0,180.0
2025-08-15,20900,SKU1022,M,2,80.0,Store,0.1394453199080938,137.69
2025-08-15,20901,SKU1023,XL,2,225.0,Online,0.0,450.0
2025-08-15,20902,SKU1002,S,1,172.0,Store,0.21517402791431753,134.99
2025-08-15,20903,SKU1021,XL,1,117.0,Store,0.06474954544907309,109.42
2025-08-15,20904,SKU1034,M,1,218.0,Online,0.0,218.0
2025-08-15,20905,SKU1028,M,1,151.0,Online,0.0,151.0
2025-08-15,20906,SKU1007,M,1,180.0,Store,0.0,180.0
2025-08-15,20907,SKU1032,S,1,62.0,Store,0.0,62.0
2025-08-15,20908,SKU1024,S,1,197.0,Store,0.0,197.0
2025-08-15,20909,SKU1002,S,1,172.0,Store,0.11966038565126055,151.42
2025-08-15,20910,SKU1004,S,2,129.0,Store,0.0,258.0
2025-08-15,20911,SKU1033,S,2,153.0,Store,0.0,306.0
2025-08-15,20912,SKU1007,XS,2,180.0,Online,0.0,360.0
2025-08-16,20913,SKU1010,L,1,147.0,Store,0.015233304893771601,144.76
2025-08-16,20914,SKU1001,XL,1,195.0,Online,0.09522736142292626,176.43
2025-08-16,20915,SKU1034,S,1,218.0,Store,0.0639040849024157,204.07
2025-08-16,20916,SKU1025,XS,2,170.0,Online,0.1629387832011759,284.6
2025-08-16,20917,SKU1022,L,2,80.0,Online,0.0003722385874053574,159.94
2025-08-16,20918,SKU1027,XL,1,205.0,Online,0.0,205.0
2025-08-16,20919,SKU1024,M,2,197.0,Online,0.0,394.0
2025-08-16,20920,SKU1004,XL,1,129.0,Store,0.0,129.0
2025-08-16,20921,SKU1016,XS,3,145.0,Store,0.0,435.0
2025-08-16,20922,SKU1031,L,1,89.0,Store,0.0,89.0
2025-08-16,20923,SKU1010,L,1,147.0,Online,0.0,147.0
2025-08-16,20924,SKU1034,M,1,218.0,Store,0.0,218.0
2025-08-16,20925,SKU1002,L,1,172.0,Online,0.0,172.0
2025-08-16,20926,SKU1011,L,1,235.0,Store,0.12786104478590157,204.95
2025-08-16,20927,SKU1012,M,1,188.0,Store,0.010602435166113734,186.01
2025-08-16,20928,SKU1022,L,1,80.0,Store,0.0,80.0
2025-08-16,20929,SKU1006,L,1,61.0,Store,0.0,61.0
2025-08-17,20930,SKU1020,L,1,142.0,Store,0.0,142.0
2025-08-17,20931,SKU1029,XS,1,131.0,Store,0.11881044030376876,115.44
2025-08-17,20932,SKU1002,XL,2,172.0,Store,0.0,344.0
2025-08-17,20933,SKU1035,M,2,57.0,Online,0.0,114.0
2025-08-17,20934,SKU1015,M,1,198.0,Store,0.0,198.0
2025-08-17,20935,SKU1010,XS,1,147.0,Online,0.0561653509728057,138.74
2025-08-17,20936,SKU1006,M,1,61.0,Online,0.0,61.0
2025-08-17,20937,SKU1035,L,1,57.0,Online,0.1057936568961903,50.97
2025-08-17,20938,SKU1031,XS,1,89.0,Store,0.060053374332087905,83.66
2025-08-17,20939,SKU1004,M,2,129.0,Online,0.0,258.0
2025-08-17,20940,SKU1016,M,2,145.0,Online,0.10922948795215061,258.32
2025-08-17,20941,SKU1026,XS,1,123.0,Store,0.0,123.0
2025-08-17,20942,SKU1021,XS,4,117.0,Store,0.0,468.0
2025-08-17,20943,SKU1006,S,3,61.0,Online,0.0,183.0
2025-08-17,20944,SKU1012,L,1,188.0,Online,0.0,188.0
2025-08-17,20945,SKU1013,L,2,193.0,Online,0.015353951423279104,380.07
2025-08-17,20946,SKU1010,XL,1,147.0,Online,0.0,147.0
2025-08-17,20947,SKU1034,L,1,218.0,Store,0.0,218.0
2025-08-17,20948,SKU1007,M,1,180.0,Online,0.16830520021732842,149.71
2025-08-17,20949,SKU1025,L,2,170.0,Online,0.0,340.0
2025-08-18,20950,SKU1023,XS,4,225.0,Online,0.0,900.0
2025-08-18,20951,SKU1012,L,2,188.0,Store,0.0,376.0
2025-08-18,20952,SKU1029,XS,2,131.0,Online,0.0,262.0
2025-08-18,20953,SKU1026,M,1,123.0,Online,0.0,123.0
2025-08-18,20954,SKU1029,M,3,131.0,Store,0.0,393.0
2025-08-18,20955,SKU1028,XS,2,151.0,Store,0.0,302.0
2025-08-18,20956,SKU1005,S,1,212.0,Online,0.0,212.0
2025-08-18,20957,SKU1031,L,1,89.0,Store,0.0,89.0
2025-08-18,20958,SKU1030,L,1,132.0,Online,0.0,132.0
2025-08-18,20959,SKU1008,L,1,84.0,Store,0.08989778082552158,76.45
2025-08-18,20960,SKU1035,XS,2,57.0,Store,0.07162464052483247,105.83
2025-08-18,20961,SKU1018,S,1,208.0,Online,0.0,208.0
2025-08-18,20962,SKU1011,S,1,235.0,Online,0.0,235.0
2025-08-18,20963,SKU1008,XL,1,84.0,Online,0.03299337487547384,81.23
2025-08-18,20964,SKU1013,M,1,193.0,Store,0.3243891591058811,130.39
2025-08-18,20965,SKU1001,L,2,195.0,Online,0.0,390.0
2025-08-18,20966,SKU1024,XS,1,197.0,Store,0.0,197.0
2025-08-18,20967,SKU1025,XS,1,170.0,Online,0.0,170.0
2025-08-18,20968,SKU1024,S,1,197.0,Online,0.11165767189613912,175.0
2025-08-18,20969,SKU1019,XL,1,132.0,Online,0.10105095386465436,118.66
2025-08-18,20970,SKU1013,XS,2,193.0,Store,0.0,386.0
2025-08-18,20971,SKU1026,L,1,123.0,Store,0.0,123.0
2025-08-19,20972,SKU1002,XS,1,172.0,Online,0.17483436006652142,141.93
2025-08-19,20973,SKU1007,L,1,180.0,Store,0.0,180.0
2025-08-19,20974,SKU1029,L,1,131.0,Store,0.0,131.0
2025-08-19,20975,SKU1019,L,2,132.0,Store,0.0,264.0
2025-08-19,20976,SKU1000,S,1,62.0,Store,0.08642845458011661,56.64
2025-08-19,20977,SKU1025,M,3,170.0,Store,0.03982114607229814,489.69
2025-08-19,20978,SKU1004,S,1,129.0,Store,0.0,129.0
2025-08-19,20979,SKU1028,L,1,151.0,Store,0.0,151.0
2025-08-19,20980,SKU1028,XS,1,151.0,Store,0.0,151.0
2025-08-19,20981,SKU1029,L,1,131.0,Store,0.0536584409754161,123.97
2025-08-19,20982,SKU1016,S,1,145.0,Store,0.0,145.0
2025-08-19,20983,SKU1009,M,1,63.0,Online,0.056005609439692794,59.47
2025-08-19,20984,SKU1031,XL,1,89.0,Store,0.0,89.0
2025-08-19,20985,SKU1020,S,1,142.0,Online,0.0,142.0
2025-08-19,20986,SKU1022,S,1,80.0,Online,0.06706342435048038,74.63
2025-08-19,20987,SKU1004,M,1,129.0,Online,0.0,129.0
2025-08-19,20988,SKU1022,XL,1,80.0,Online,0.0,80.0
2025-08-19,20989,SKU1020,XL,2,142.0,Store,0.0,284.0
2025-08-19,20990,SKU1010,XS,1,147.0,Online,0.0,147.0
2025-08-19,20991,SKU1027,L,2,205.0,Store,0.0,410.0
2025-08-19,20992,SKU1004,XS,1,129.0,Online,0.0,129.0
2025-08-19,20993,SKU1025,XL,2,170.0,Online,0.0,340.0
2025-08-19,20994,SKU1034,XL,1,218.0,Store,0.14177555344264492,187.09
2025-08-20,20995,SKU1013,S,1,193.0,Online,0.04376871498950301,184.55
2025-08-20,20996,SKU1001,M,1,195.0,Store,0.05082289771753586,185.09
2025-08-20,20997,SKU1016,M,2,145.0,Store,0.11594834266233886,256.37
2025-08-20,20998,SKU1009,M,3,63.0,Store,0.05060025663375734,179.44
2025-08-20,20999,SKU1004,XL,1,129.0,Online,0.0617369267969156,121.04
2025-08-20,21000,SKU1009,XS,1,63.0,Store,0.014633107469730448,62.08
2025-08-20,21001,SKU1000,M,1,62.0,Store,0.0,62.0
2025-08-20,21002,SKU1032,XS,1,62.0,Store,0.12305723522051965,54.37
2025-08-20,21003,SKU1035,S,1,57.0,Store,0.0,57.0
2025-08-20,21004,SKU1013,XS,2,193.0,Store,0.0,386.0
2025-08-20,21005,SKU1031,M,1,89.0,Store,0.0,89.0
2025-08-20,21006,SKU1016,L,1,145.0,Online,0.0,145.0
2025-08-20,21007,SKU1032,XS,1,62.0,Store,0.0,62.0
2025-08-20,21008,SKU1006,M,1,61.0,Store,0.0,61.0
2025-08-21,21009,SKU1002,M,1,172.0,Store,0.18987362205202585,139.34
2025-08-21,21010,SKU1027,XS,1,205.0,Online,0.057091783650470906,193.3
2025-08-21,21011,SKU1017,S,1,69.0,Store,0.143779835293755,59.08
2025-08-21,21012,SKU1013,S,1,193.0,Online,0.19907527681802872,154.58
2025-08-21,21013,SKU1024,M,2,197.0,Online,0.0,394.0
2025-08-21,21014,SKU1004,L,1,129.0,Store,0.10287768872240094,115.73
2025-08-21,21015,SKU1019,M,1,132.0,Online,0.0005901095818361124,131.92
2025-08-21,21016,SKU1031,M,1,89.0,Online,0.0,89.0
2025-08-21,21017,SKU1016,L,1,145.0,Online,0.11908684128091007,127.73
2025-08-21,21018,SKU1000,M,1,62.0,Online,0.0,62.0
2025-08-21,21019,SKU1008,L,1,84.0,Store,0.0,84.0
2025-08-21,21020,SKU1002,XS,2,172.0,Online,0.1305939054440305,299.08
2025-08-22,21021,SKU1009,M,1,63.0,Online,0.0,63.0
2025-08-22,21022,SKU1025,S,2,170.0,Online,0.0,340.0
2025-08-22,21023,SKU1022,S,1,80.0,Store,0.0,80.0
2025-08-22,21024,SKU1028,S,1,151.0,Store,0.0,151.0
2025-08-22,21025,SKU1021,L,1,117.0,Store,0.09830003826979959,105.5
2025-08-22,21026,SKU1001,L,1,195.0,Store,0.0,195.0
2025-08-22,21027,SKU1030,S,1,132.0,Store,0.0,132.0
2025-08-22,21028,SKU1007,M,1,180.0,Store,0.0,180.0
2025-08-22,21029,SKU1004,XL,2,129.0,Store,0.0,258.0
2025-08-22,21030,SKU1031,M,2,89.0,Store,0.0,178.0
2025-08-23,21031,SKU1015,M,1,198.0,Store,0.02520513645107584,193.01
2025-08-23,21032,SKU1001,XL,2,195.0,Store,0.0,390.0
2025-08-23,21033,SKU1006,XL,1,61.0,Store,0.013901920589485188,60.15
2025-08-23,21034,SKU1028,L,1,151.0,Store,0.0,151.0
2025-08-23,21035,SKU1005,XS,1,212.0,Store,0.0,212.0
2025-08-23,21036,SKU1006,XS,1,61.0,Online,0.0,61.0
2025-08-23,21037,SKU1018,XS,1,208.0,Store,0.0,208.0
2025-08-23,21038,SKU1003,L,1,130.0,Store,0.0,130.0
2025-08-23,21039,SKU1009,XL,4,63.0,Online,0.0,252.0
2025-08-23,21040,SKU1033,L,1,153.0,Store,0.0,153.0
2025-08-23,21041,SKU1022,M,1,80.0,Store,0.0,80.0
2025-08-24,21042,SKU1002,M,1,172.0,Online,0.0,172.0
2025-08-24,21043,SKU1024,XS,1,197.0,Online,0.0,197.0
2025-08-24,21044,SKU1016,M,1,145.0,Online,0.0,145.0
2025-08-24,21045,SKU1030,M,1,132.0,Store,0.0,132.0
2025-08-24,21046,SKU1002,S,1,172.0,Online,0.0,172.0
2025-08-24,21047,SKU1012,XL,2,188.0,Online,0.0,376.0
2025-08-24,21048,SKU1001,L,1,195.0,Online,0.0,195.0
2025-08-24,21049,SKU1025,L,1,170.0,Store,0.0,170.0
2025-08-24,21050,SKU1030,XL,1,132.0,Store,0.08161334243176102,121.23
2025-08-24,21051,SKU1005,XS,1,212.0,Store,0.0,212.0
2025-08-24,21052,SKU1011,M,2,235.0,Online,0.0,470.0
2025-08-24,21053,SKU1030,S,1,132.0,Store,0.06933058978248881,122.85
2025-08-24,21054,SKU1001,M,3,195.0,Store,0.07190915369516657,542.93
2025-08-24,21055,SKU1034,XS,1,218.0,Store,0.07082293818699803,202.56
2025-08-24,21056,SKU1031,XS,2,89.0,Online,0.0,178.0
2025-08-24,21057,SKU1005,S,1,212.0,Store,0.031228464830743485,205.38
2025-08-24,21058,SKU1005,L,1,212.0,Store,0.0,212.0
2025-08-24,21059,SKU1024,XS,1,197.0,Store,0.0,197.0
2025-08-24,21060,SKU1000,S,1,62.0,Online,0.0,62.0
2025-08-24,21061,SKU1018,S,1,208.0,Store,0.0,208.0
2025-08-24,21062,SKU1002,XS,1,172.0,Store,0.0,172.0
2025-08-24,21063,SKU1019,XS,1,132.0,Online,0.1129453965278294,117.09
2025-08-24,21064,SKU1012,M,1,188.0,Online,0.0,188.0
2025-08-25,21065,SKU1026,S,1,123.0,Store,0.0,123.0
2025-08-25,21066,SKU1017,L,1,69.0,Store,0.0,69.0
2025-08-25,21067,SKU1025,L,1,170.0,Online,0.0,170.0
2025-08-25,21068,SKU1032,S,2,62.0,Online,0.0,124.0
2025-08-25,21069,SKU1022,XL,1,80.0,Online,0.0,80.0
2025-08-25,21070,SKU1030,XS,1,132.0,Store,0.0,132.0
2025-08-25,21071,SKU1028,S,1,151.0,Store,0.0,151.0
2025-08-25,21072,SKU1029,XL,3,131.0,Store,0.0,393.0
2025-08-25,21073,SKU1030,XL,1,132.0,Online,0.0,132.0
2025-08-25,21074,SKU1008,S,1,84.0,Store,0.0,84.0
2025-08-25,21075,SKU1000,M,2,62.0,Online,0.0,124.0
2025-08-25,21076,SKU1005,L,1,212.0,Store,0.0,212.0
2025-08-25,21077,SKU1008,M,2,84.0,Store,0.07071454984885589,156.12
2025-08-25,21078,SKU1024,M,2,197.0,Store,0.134567769252397,340.98
2025-08-25,21079,SKU1018,XS,1,208.0,Store,0.21771518807291523,162.72
2025-08-25,21080,SKU1016,M,1,145.0,Online,0.20691382391459925,115.0
2025-08-25,21081,SKU1000,XS,1,62.0,Store,0.03396490897393174,59.89
2025-08-25,21082,SKU1024,L,1,197.0,Store,0.0,197.0
2025-08-25,21083,SKU1013,S,1,193.0,Online,0.0,193.0
2025-08-26,21084,SKU1034,S,1,218.0,Store,0.0,218.0
2025-08-26,21085,SKU1010,L,1,147.0,Online,0.0,147.0
2025-08-26,21086,SKU1010,L,1,147.0,Store,0.0,147.0
2025-08-26,21087,SKU1031,M,1,89.0,Online,0.0,89.0
2025-08-26,21088,SKU1012,L,2,188.0,Store,0.0,376.0
2025-08-26,21089,SKU1008,XS,3,84.0,Store,0.0,252.0
2025-08-26,21090,SKU1003,L,1,130.0,Store,0.04901483795352039,123.63
2025-08-26,21091,SKU1030,M,1,132.0,Store,0.0972497622792968,119.16
2025-08-26,21092,SKU1033,L,1,153.0,Store,0.0,153.0
2025-08-26,21093,SKU1002,XS,1,172.0,Store,0.0,172.0
2025-08-26,21094,SKU1028,M,1,151.0,Store,0.0,151.0
2025-08-26,21095,SKU1005,M,1,212.0,Store,0.04425018318480444,202.62
2025-08-26,21096,SKU1004,XS,1,129.0,Online,0.0,129.0
2025-08-26,21097,SKU1013,M,1,193.0,Online,0.0,193.0
2025-08-26,21098,SKU1015,XS,3,198.0,Online,0.1865816690622848,483.17
2025-08-26,21099,SKU1030,M,1,132.0,Store,0.0,132.0
2025-08-26,21100,SKU1025,S,1,170.0,Online,0.05019095735004593,161.47
2025-08-26,21101,SKU1005,S,3,212.0,Store,0.0,636.0
2025-08-26,21102,SKU1021,M,2,117.0,Store,0.06654877247444459,218.43
2025-08-26,21103,SKU1031,L,1,89.0,Online,0.0,89.0
2025-08-27,21104,SKU1017,M,2,69.0,Store,0.0,138.0
2025-08-27,21105,SKU1002,S,3,172.0,Store,0.0,516.0
2025-08-27,21106,SKU1006,XL,2,61.0,Online,0.0,122.0
2025-08-27,21107,SKU1031,M,1,89.0,Online,0.0,89.0
2025-08-27,21108,SKU1030,XS,1,132.0,Online,0.044543482229393236,126.12
2025-08-27,21109,SKU1000,S,1,62.0,Store,0.0,62.0
2025-08-27,21110,SKU1013,M,3,193.0,Store,0.0,579.0
2025-08-27,21111,SKU1008,M,1,84.0,Store,0.12025194222062507,73.9
2025-08-27,21112,SKU1011,XS,1,235.0,Online,0.0,235.0
2025-08-27,21113,SKU1022,L,3,80.0,Store,0.0,240.0
2025-08-27,21114,SKU1018,M,1,208.0,Store,0.0,208.0
2025-08-27,21115,SKU1017,XS,1,69.0,Online,0.0,69.0
2025-08-27,21116,SKU1015,M,1,198.0,Online,0.10325327759464939,177.56
2025-08-27,21117,SKU1023,XL,1,225.0,Online,0.0,225.0
2025-08-27,21118,SKU1024,M,1,197.0,Online,0.1671645484763155,164.07
2025-08-27,21119,SKU1001,L,1,195.0,Online,0.0,195.0
2025-08-27,21120,SKU1004,M,1,129.0,Store,0.08783193304030704,117.67
2025-08-27,21121,SKU1012,XL,1,188.0,Store,0.0,188.0
2025-08-27,21122,SKU1015,S,1,198.0,Online,0.0,198.0
2025-08-27,21123,SKU1035,XS,1,57.0,Online,0.0,57.0
2025-08-27,21124,SKU1032,L,1,62.0,Online,0.1013999149601291,55.71
2025-08-27,21125,SKU1023,M,2,225.0,Store,0.0,450.0
2025-08-27,21126,SKU1001,M,1,195.0,Online,0.0,195.0
2025-08-28,21127,SKU1027,S,1,205.0,Store,0.0,205.0
2025-08-28,21128,SKU1027,M,1,205.0,Online,0.1355524896691836,177.21
2025-08-28,21129,SKU1018,XL,1,208.0,Online,0.0,208.0
2025-08-28,21130,SKU1003,XS,3,130.0,Store,0.0,390.0
2025-08-28,21131,SKU1034,XL,1,218.0,Online,0.06099440744256074,204.7
2025-08-28,21132,SKU1024,XL,3,197.0,Store,0.0,591.0
2025-08-28,21133,SKU1015,S,1,198.0,Online,0.0,198.0
2025-08-28,21134,SKU1030,M,1,132.0,Store,0.0,132.0
2025-08-28,21135,SKU1028,S,1,151.0,Online,0.05013971738942582,143.43
2025-08-28,21136,SKU1027,XS,1,205.0,Store,0.0,205.0
2025-08-28,21137,SKU1006,M,1,61.0,Online,0.0,61.0
2025-08-28,21138,SKU1022,L,1,80.0,Store,0.0,80.0
2025-08-29,21139,SKU1015,L,1,198.0,Online,0.0,198.0
2025-08-29,21140,SKU1018,M,1,208.0,Online,0.0,208.0
2025-08-29,21141,SKU1033,M,1,153.0,Store,0.0,153.0
2025-08-29,21142,SKU1000,XS,1,62.0,Online,0.0,62.0
2025-08-29,21143,SKU1032,M,1,62.0,Online,0.11765983253693732,54.71
2025-08-29,21144,SKU1011,L,2,235.0,Online,0.0,470.0
2025-08-29,21145,SKU1026,L,3,123.0,Store,0.0,369.0
2025-08-29,21146,SKU1024,M,2,197.0,Store,0.0,394.0
2025-08-29,21147,SKU1034,S,1,218.0,Store,0.0,218.0
2025-08-29,21148,SKU1003,XL,1,130.0,Online,0.0,130.0
2025-08-29,21149,SKU1034,L,3,218.0,Online,0.06618578547089023,610.71
2025-08-29,21150,SKU1002,M,1,172.0,Online,0.0,172.0
2025-08-30,21151,SKU1026,M,1,123.0,Store,0.0,123.0
2025-08-30,21152,SKU1033,S,1,153.0,Store,0.012133227237421454,151.14
2025-08-30,21153,SKU1025,S,1,170.0,Store,0.0,170.0
2025-08-30,21154,SKU1035,S,2,57.0,Store,0.0,114.0
2025-08-30,21155,SKU1025,L,3,170.0,Store,0.0,510.0
2025-08-30,21156,SKU1030,M,1,132.0,Store,0.026787715674202198,128.46
2025-08-30,21157,SKU1032,S,3,62.0,Store,0.0,186.0
2025-08-30,21158,SKU1035,XL,3,57.0,Online,0.0,171.0
2025-08-30,21159,SKU1021,M,1,117.0,Store,0.09780074479464679,105.56
2025-08-30,21160,SKU1025,XL,1,170.0,Store,0.0,170.0
2025-08-30,21161,SKU1034,XL,1,218.0,Online,0.04606612166483284,207.96
2025-08-30,21162,SKU1013,XL,1,193.0,Store,0.0,193.0
2025-08-30,21163,SKU1004,M,1,129.0,Online,0.0,129.0
2025-08-30,21164,SKU1031,XS,1,89.0,Store,0.24916023037149895,66.82
2025-08-30,21165,SKU1022,M,1,80.0,Online,0.0,80.0
2025-08-30,21166,SKU1015,XL,1,198.0,Online,0.12208936396456571,173.83
2025-08-30,21167,SKU1025,XL,1,170.0,Store,0.0,170.0
2025-08-30,21168,SKU1001,XL,1,195.0,Store,0.0,195.0
2025-08-30,21169,SKU1017,XS,1,69.0,Store,0.13361841749149708,59.78
2025-08-30,21170,SKU1009,S,1,63.0,Store,0.0,63.0
2025-08-30,21171,SKU1010,L,2,147.0,Online,0.0,294.0
2025-08-31,21172,SKU1007,L,1,180.0,Online,0.0,180.0
2025-08-31,21173,SKU1022,L,1,80.0,Store,0.12480391709204113,70.02
2025-08-31,21174,SKU1010,M,3,147.0,Store,0.0,441.0
2025-08-31,21175,SKU1014,S,1,184.0,Online,0.06758521142833179,171.56
2025-08-31,21176,SKU1019,XS,1,132.0,Online,0.08641848733623825,120.59
2025-08-31,21177,SKU1008,S,1,84.0,Online,0.0,84.0
2025-08-31,21178,SKU1028,L,3,151.0,Store,0.0,453.0
2025-08-31,21179,SKU1014,L,1,184.0,Online,0.0,184.0
2025-08-31,21180,SKU1016,S,1,145.0,Online,0.0,145.0
2025-08-31,21181,SKU1029,S,1,131.0,Store,0.04297301349197904,125.37
2025-08-31,21182,SKU1008,L,1,84.0,Store,0.20784719158180076,66.54
2025-08-31,21183,SKU1016,M,2,145.0,Online,0.0,290.0
2025-08-31,21184,SKU1035,S,2,57.0,Online,0.0,114.0
2025-08-31,21185,SKU1014,XL,2,184.0,Online,0.0,368.0
2025-08-31,21186,SKU1004,S,1,129.0,Store,0.0,129.0
2025-08-31,21187,SKU1010,M,2,147.0,Store,0.0,294.0
2025-08-31,21188,SKU1034,M,1,218.0,Store,0.0,218.0
2025-08-31,21189,SKU1027,L,1,205.0,Online,0.10765196688832575,182.93
2025-08-31,21190,SKU1029,XL,1,131.0,Online,0.00911728770985714,129.81
2025-08-31,21191,SKU1009,S,1,63.0,Store,0.0,63.0
2025-09-01,21192,SKU1023,L,1,225.0,Online,0.07334835806259822,208.5
2025-09-01,21193,SKU1011,M,1,235.0,Online,0.055563997829826725,221.94
2025-09-01,21194,SKU1010,M,2,147.0,Store,0.0,294.0
2025-09-01,21195,SKU1005,L,1,212.0,Store,0.0,212.0
2025-09-01,21196,SKU1020,M,1,142.0,Store,0.0,142.0
2025-09-01,21197,SKU1023,XS,1,225.0,Store,0.2108704912025843,177.55
2025-09-01,21198,SKU1012,S,1,188.0,Online,0.0,188.0
2025-09-01,21199,SKU1018,L,1,208.0,Store,0.0,208.0
2025-09-01,21200,SKU1017,L,1,69.0,Online,0.0,69.0
2025-09-01,21201,SKU1009,M,2,63.0,Online,0.0,126.0
2025-09-01,21202,SKU1024,M,2,197.0,Store,0.0,394.0
2025-09-01,21203,SKU1019,M,2,132.0,Online,0.0,264.0
2025-09-01,21204,SKU1002,M,1,172.0,Store,0.0,172.0
2025-09-01,21205,SKU1017,S,2,69.0,Online,0.0,138.0
2025-09-01,21206,SKU1014,XS,1,184.0,Online,0.0,184.0
2025-09-01,21207,SKU1028,M,2,151.0,Store,0.0,302.0
2025-09-01,21208,SKU1011,S,1,235.0,Online,0.0,235.0
2025-09-01,21209,SKU1034,L,1,218.0,Store,0.0,218.0
2025-09-01,21210,SKU1022,M,1,80.0,Store,0.0,80.0
2025-09-01,21211,SKU1004,L,2,129.0,Online,0.0,258.0
2025-09-01,21212,SKU1014,M,2,184.0,Store,0.0,368.0
2025-09-02,21213,SKU1001,XL,1,195.0,Store,0.14272492062440778,167.17
2025-09-02,21214,SKU1002,XL,1,172.0,Store,0.0,172.0
2025-09-02,21215,SKU1029,S,1,131.0,Store,0.0,131.0
2025-09-02,21216,SKU1028,L,1,151.0,Store,0.0,151.0
2025-09-02,21217,SKU1027,XS,2,205.0,Store,0.0,410.0
2025-09-02,21218,SKU1004,S,1,129.0,Store,0.0,129.0
2025-09-02,21219,SKU1006,XS,1,61.0,Online,0.19352464384004192,49.19
2025-09-02,21220,SKU1014,M,1,184.0,Online,0.0547821665341521,173.92
2025-09-02,21221,SKU1008,M,3,84.0,Online,0.0,252.0
2025-09-02,21222,SKU1013,XL,1,193.0,Store,0.0,193.0
2025-09-02,21223,SKU1020,L,1,142.0,Store,0.1366360966098148,122.6
2025-09-02,21224,SKU1010,S,1,147.0,Online,0.0,147.0
2025-09-02,21225,SKU1004,XS,1,129.0,Store,0.0,129.0
2025-09-02,21226,SKU1014,XS,1,184.0,Store,0.0842121101297042,168.5
2025-09-02,21227,SKU1026,S,3,123.0,Store,0.12205915421257822,323.96
2025-09-02,21228,SKU1022,S,1,80.0,Online,0.0,80.0
2025-09-02,21229,SKU1011,M,1,235.0,Online,0.0,235.0
2025-09-02,21230,SKU1011,XS,2,235.0,Store,0.07330929309446983,435.54
2025-09-02,21231,SKU1021,XS,1,117.0,Store,0.10361604054906035,104.88
2025-09-02,21232,SKU1006,L,1,61.0,Store,0.0,61.0
2025-09-02,21233,SKU1030,M,3,132.0,Store,0.07816724999104654,365.05
2025-09-02,21234,SKU1031,XS,1,89.0,Online,0.0,89.0
2025-09-03,21235,SKU1029,S,1,131.0,Store,0.0,131.0
2025-09-03,21236,SKU1030,L,1,132.0,Store,0.0,132.0
2025-09-03,21237,SKU1025,M,1,170.0,Online,0.0,170.0
2025-09-03,21238,SKU1026,XS,1,123.0,Online,0.038282729436279306,118.29
2025-09-03,21239,SKU1005,S,1,212.0,Store,0.0,212.0
2025-09-03,21240,SKU1025,M,1,170.0,Online,0.0,170.0
2025-09-03,21241,SKU1001,M,3,195.0,Store,0.0,585.0
2025-09-03,21242,SKU1026,XS,1,123.0,Online,0.0,123.0
2025-09-03,21243,SKU1023,L,1,225.0,Online,0.0,225.0
2025-09-03,21244,SKU1027,S,1,205.0,Online,0.06873768637016313,190.91
2025-09-03,21245,SKU1023,S,1,225.0,Online,0.0,225.0
2025-09-03,21246,SKU1013,L,1,193.0,Store,0.0,193.0
2025-09-03,21247,SKU1013,XS,2,193.0,Online,0.0,386.0
2025-09-03,21248,SKU1021,M,1,117.0,Store,0.2057353389785964,92.93
2025-09-03,21249,SKU1017,S,1,69.0,Online,0.123365348041996,60.49
2025-09-03,21250,SKU1012,M,1,188.0,Store,0.1729412803165644,155.49
2025-09-03,21251,SKU1017,XS,1,69.0,Store,0.0,69.0
2025-09-03,21252,SKU1019,L,1,132.0,Store,0.0,132.0
2025-09-03,21253,SKU1008,L,2,84.0,Store,0.0,168.0
2025-09-04,21254,SKU1004,XL,1,129.0,Online,0.0,129.0
2025-09-04,21255,SKU1024,XL,1,197.0,Store,0.0,197.0
2025-09-04,21256,SKU1000,XL,1,62.0,Online,0.0,62.0
2025-09-04,21257,SKU1011,XL,2,235.0,Store,0.0,470.0
2025-09-04,21258,SKU1031,XL,1,89.0,Store,0.0,89.0
2025-09-04,21259,SKU1020,L,1,142.0,Online,0.0,142.0
2025-09-04,21260,SKU1024,M,1,197.0,Online,0.0,197.0
2025-09-04,21261,SKU1024,M,1,197.0,Online,0.0,197.0
2025-09-04,21262,SKU1010,M,1,147.0,Store,0.0,147.0
2025-09-04,21263,SKU1022,M,3,80.0,Online,0.0,240.0
2025-09-04,21264,SKU1007,L,1,180.0,Online,0.08603196003842341,164.51
2025-09-04,21265,SKU1022,L,1,80.0,Online,0.0,80.0
2025-09-05,21266,SKU1012,XS,2,188.0,Store,0.0,376.0
2025-09-05,21267,SKU1010,L,2,147.0,Online,0.0,294.0
2025-09-05,21268,SKU1018,M,1,208.0,Store,0.0,208.0
2025-09-05,21269,SKU1024,L,1,197.0,Store,0.05766025380831248,185.64
2025-09-05,21270,SKU1006,L,1,61.0,Store,0.0,61.0
2025-09-05,21271,SKU1026,S,3,123.0,Store,0.0,369.0
2025-09-05,21272,SKU1034,XL,2,218.0,Online,0.0,436.0
2025-09-05,21273,SKU1030,M,1,132.0,Store,0.0,132.0
2025-09-05,21274,SKU1019,XL,1,132.0,Store,0.0,132.0
2025-09-05,21275,SKU1011,XL,4,235.0,Store,0.0,940.0
2025-09-05,21276,SKU1011,L,1,235.0,Store,0.0,235.0
2025-09-05,21277,SKU1026,XS,1,123.0,Online,0.0,123.0
2025-09-05,21278,SKU1016,S,1,145.0,Store,0.0,145.0
2025-09-05,21279,SKU1003,M,1,130.0,Store,0.0,130.0
2025-09-05,21280,SKU1024,S,1,197.0,Store,0.0,197.0
2025-09-05,21281,SKU1004,L,1,129.0,Store,0.10367032157378957,115.63
2025-09-05,21282,SKU1035,L,1,57.0,Store,0.19418936053299785,45.93
2025-09-05,21283,SKU1015,M,1,198.0,Online,0.05432771400056192,187.24
2025-09-06,21284,SKU1005,L,1,212.0,Store,0.0,212.0
2025-09-06,21285,SKU1028,M,3,151.0,Online,0.0,453.0
2025-09-06,21286,SKU1023,S,2,225.0,Online,0.0,450.0
2025-09-06,21287,SKU1030,M,1,132.0,Online,0.0,132.0
2025-09-06,21288,SKU1015,S,1,198.0,Store,0.061821141763028706,185.76
2025-09-06,21289,SKU1005,L,2,212.0,Store,0.0,424.0
2025-09-06,21290,SKU1012,XL,1,188.0,Store,0.22811109894649595,145.12
2025-09-06,21291,SKU1022,L,1,80.0,Store,0.0,80.0
2025-09-06,21292,SKU1008,M,3,84.0,Store,0.1381190501531096,217.19
2025-09-06,21293,SKU1002,S,1,172.0,Store,0.0,172.0
2025-09-06,21294,SKU1029,XL,1,131.0,Store,0.02800971934863679,127.33
2025-09-06,21295,SKU1019,M,1,132.0,Online,0.0,132.0
2025-09-06,21296,SKU1014,S,1,184.0,Online,0.09634541855563475,166.27
2025-09-07,21297,SKU1009,S,1,63.0,Store,0.0,63.0
2025-09-07,21298,SKU1029,L,1,131.0,Store,0.0,131.0
2025-09-07,21299,SKU1019,XL,1,132.0,Online,0.0,132.0
2025-09-07,21300,SKU1019,S,1,132.0,Online,0.0,132.0
2025-09-07,21301,SKU1011,S,1,235.0,Store,0.02604102579512292,228.88
2025-09-07,21302,SKU1000,S,1,62.0,Store,0.14211573602682875,53.19
2025-09-07,21303,SKU1019,L,1,132.0,Store,0.014438919754418252,130.09
2025-09-07,21304,SKU1012,S,3,188.0,Store,0.0,564.0
2025-09-07,21305,SKU1023,S,2,225.0,Store,0.060440647164800354,422.8
2025-09-07,21306,SKU1013,M,1,193.0,Online,0.0,193.0
2025-09-07,21307,SKU1035,XL,1,57.0,Online,0.0,57.0
2025-09-07,21308,SKU1024,XS,1,197.0,Online,0.16434898501544631,164.62
2025-09-07,21309,SKU1016,L,2,145.0,Online,0.0772871973428022,267.59
2025-09-07,21310,SKU1025,M,1,170.0,Store,0.0,170.0
2025-09-07,21311,SKU1023,S,4,225.0,Online,0.0,900.0
2025-09-07,21312,SKU1022,M,1,80.0,Store,0.0,80.0
2025-09-07,21313,SKU1020,M,4,142.0,Store,0.0,568.0
